TEAM_ID,PLAYER_NAME,PLAYER_ID,TEAM_NBACOM,POS,ROLE,GP,MIN,POSS,PTS,REB,AST,STL,BLK,TOV,FG2_PCT,FG3_PCT,OREB,DREB,FG3A,AT_RIM_FGA,AT_RIM_FREQUENCY,AT_RIM_ACCURACY,MID_FGA,MID_FREQUENCY,MID_ACCURACY,THREE_FREQUENCY,THREE_ACCURACY,rTS,USG_PCT,BOX_CREATION,OFF_LOAD,FTA_RATE,OREB_PCT,DREB_PCT,AST_PCT,STL_PCT,BLK_PCT,TOV_PCT
1610612761,A.J. Lawson,1630639,TOR,SG,Combo,13,109,224,49,23,3,4,3,4,0.421,0.364,7,16,22,14,0.341,0.5,5,0.122,0.2,0.537,0.364,-1.6,19.1,1.2,23.7,0.22,7.1,16.6,3.8,1.8,2.7,8.2
1610612749,AJ Green,1631260,MIL,SG,Combo,51,1536,3195,525,131,104,28,5,43,0.512,0.427,13,118,358,13,0.033,0.615,28,0.071,0.464,0.896,0.427,7.6,13.3,1.6,17.9,0.086,0.9,8.7,9.1,0.9,0.3,9.5
1610612742,AJ Johnson,1642358,DAL,SG,Combo,29,230,491,72,32,23,7,0,19,0.333,0.259,8,24,27,35,0.389,0.4,28,0.311,0.25,0.3,0.259,-18.3,20.7,2.2,28.3,0.133,3.6,11.1,13.5,1.4,0,16.6
1610612743,Aaron Gordon,203932,DEN,PF,Big,23,642,1329,406,142,58,16,4,24,0.577,0.4,30,112,105,86,0.315,0.767,82,0.3,0.378,0.385,0.4,7.1,23.5,5.1,32.9,0.399,5.6,18.8,13.5,1.2,0.6,7
1610612745,Aaron Holiday,1628988,HOU,PG,Point,35,464,961,200,30,34,16,4,21,0.434,0.389,6,24,108,13,0.081,0.462,40,0.248,0.425,0.671,0.389,0.9,17.7,2.6,25,0.205,1.4,5.7,10,1.7,0.8,10.7
1610612754,Aaron Nesmith,1630174,IND,SF,Wing,33,991,2131,437,154,69,21,18,46,0.41,0.367,42,112,207,71,0.19,0.479,95,0.255,0.358,0.555,0.367,-3.1,19.6,2.3,25.6,0.239,4.4,12.5,10.2,1,1.6,10
1610612760,Aaron Wiggins,1630598,OKC,SG,Wing,43,1025,2161,447,149,79,42,23,57,0.5,0.384,28,121,200,103,0.275,0.592,73,0.195,0.37,0.529,0.384,-0.5,19.5,2.8,26,0.131,3,12.5,10.3,2,2.3,12.4
1610612762,Ace Bailey,1642846,UTA,SF,Wing,50,1323,2871,593,195,87,39,24,66,0.53,0.335,80,115,224,123,0.229,0.659,190,0.354,0.447,0.417,0.335,-3.1,19.5,2.2,25.6,0.095,6.5,9.5,9.5,1.4,1.8,10.6
1610612755,Adem Bona,1641737,PHI,C,Big,48,796,1684,209,198,13,17,62,35,0.587,0.4,88,110,5,106,0.841,0.623,15,0.119,0.333,0.04,0.4,6.8,10.6,0.3,12.6,0.611,12,15.5,1.9,1.1,7.4,18
1610612747,Adou Thiero,1642876,LAL,SF,Forward,17,98,204,25,18,5,5,2,4,0.474,0,7,11,1,13,0.65,0.538,6,0.3,0.333,0.05,0,-3.9,12.4,0.6,16,0.45,8.7,12.8,6.5,2.5,1.9,14.3
1610612760,Ajay Mitchell,1642349,OKC,SG,Wing,43,1129,2435,606,149,157,61,14,68,0.545,0.35,29,120,137,129,0.283,0.674,190,0.417,0.458,0.3,0.35,2.9,22.3,5.5,32.6,0.287,2.9,11.1,20.1,2.6,1.2,11.7
1610612744,Al Horford,201143,GSW,C,Big,36,756,1614,285,176,90,29,39,37,0.571,0.331,34,142,158,30,0.128,0.633,54,0.23,0.537,0.643,0.331,-1.8,16.1,3.1,24.4,0.081,5.1,21.6,15.9,1.7,4.6,12.6
1610612760,Alex Caruso,1627936,OKC,SG,Wing,38,690,1482,234,98,78,51,13,30,0.59,0.317,19,79,123,52,0.259,0.712,26,0.129,0.346,0.612,0.317,-1.7,15.4,2.5,22.3,0.159,3.1,11.9,14.7,3.6,1.9,12.2
1610612764,Alex Sarr,1642259,WAS,C,Big,41,1156,2481,704,319,115,34,82,70,0.537,0.336,96,223,119,210,0.365,0.719,246,0.428,0.382,0.207,0.336,-0.7,25.4,4.7,35.2,0.237,8.7,20.6,16.1,1.4,6.3,9.9
1610612761,Alijah Martin,1642918,TOR,SG,Combo,13,97,192,34,14,8,6,3,3,0.45,0.167,6,8,12,9,0.281,0.556,11,0.344,0.364,0.375,0.167,-10.5,17.7,1.8,25.4,0.375,6.8,9.3,10.9,3,3,7.4
1610612764,Alondes Williams,1631214,WAS,SG,Combo,3,91,200,39,22,12,2,3,4,1,0.375,5,17,11,7,0.438,1,1,0.062,1,0.5,0.375,25.1,15.4,3.9,21.4,0.438,5.5,22.5,23.6,0.8,4.7,9.5
1610612745,Alperen Sengun,1630578,HOU,C,Big,48,1622,3302,981,439,302,65,51,153,0.521,0.297,148,291,91,283,0.367,0.668,398,0.516,0.417,0.118,0.297,-1.2,27.1,8,44.3,0.356,10.1,19.7,29.3,2,2.9,14.6
1610612738,Amari Williams,1642873,BOS,PF,Big,15,113,238,22,30,6,2,9,6,0.438,0,7,23,0,11,0.688,0.545,5,0.312,0.2,0,0,-4.4,10.5,0,0,0.75,6.9,21.4,6.5,0.9,8.1,22
1610612745,Amen Thompson,1641708,HOU,PG,Point,54,2015,4112,938,411,290,81,34,135,0.551,0.194,157,254,93,329,0.459,0.705,294,0.411,0.378,0.13,0.194,0.6,20,4,31.5,0.353,8.6,13.9,20.8,2,1.6,14
1610612756,Amir Coffey,1629599,PHX,SG,Wing,34,333,689,95,37,19,6,3,5,0.629,0.281,9,28,34,14,0.209,0.929,21,0.313,0.429,0.478,0.281,1.6,11.4,0.7,15.4,0.284,2.9,9,6.4,0.6,1,6.2
1610612755,Andre Drummond,203083,PHI,C,Big,43,861,1794,297,379,40,24,38,43,0.54,0.37,149,230,54,147,0.639,0.551,29,0.126,0.483,0.235,0.37,0.2,15.1,1.1,19.5,0.283,18.8,30,6.4,1.3,4.2,14
1610612749,Andre Jackson Jr.,1641748,MIL,SG,Wing,28,177,371,40,27,24,7,2,10,0.368,0.192,12,15,27,9,0.2,0.667,10,0.222,0.1,0.578,0.192,-17.6,15.1,1.8,23.3,0.222,6.7,9.1,17.8,2,1.2,15.4
1610612754,Andrew Nembhard,1629614,IND,PG,Combo,45,1432,3040,776,129,336,40,7,112,0.486,0.364,18,111,237,105,0.175,0.619,265,0.441,0.434,0.384,0.364,-0.5,23.8,9.7,41.7,0.29,1.3,8.7,36,1.3,0.4,14.1
1610612748,Andrew Wiggins,203952,MIA,SF,Forward,52,1620,3576,838,264,143,61,49,87,0.519,0.407,91,173,258,185,0.276,0.665,227,0.339,0.401,0.385,0.407,1.8,20.2,3.6,28.2,0.182,5.7,10.9,12.4,1.7,2.7,10.7
1610612741,Anfernee Simons,1629014,CHI,SG,Combo,55,1372,2791,785,135,134,27,8,68,0.517,0.385,31,104,379,59,0.091,0.678,210,0.324,0.471,0.585,0.385,1.5,23.5,5.1,34.1,0.119,2.5,8.2,14.4,1,0.6,9.1
1610612753,Anthony Black,1641710,ORL,PG,Combo,56,1761,3686,893,223,220,79,39,121,0.533,0.346,40,183,272,228,0.33,0.689,194,0.281,0.351,0.389,0.346,0.5,22.1,5.1,32.8,0.293,2.5,11.8,19.2,2.2,2,13.3
1610612764,Anthony Davis,203076,WAS,PF,Big,20,626,1325,407,221,56,22,33,41,0.535,0.27,62,159,37,139,0.416,0.662,158,0.473,0.424,0.111,0.27,-1,27.5,4.3,37.2,0.243,10.7,26.1,14.9,1.7,4.4,10
1610612750,Anthony Edwards,1630162,MIN,SG,Combo,48,1704,3611,1416,255,175,65,40,134,0.559,0.401,33,222,407,224,0.231,0.705,347,0.358,0.464,0.411,0.401,5.9,31.3,7.8,44.5,0.351,2.1,13.8,16.9,1.8,2,10.2
1610612764,Anthony Gill,1630264,WAS,PF,Big,31,310,671,98,63,22,12,10,14,0.653,0.357,22,41,15,34,0.54,0.735,15,0.238,0.467,0.222,0.357,9,12.1,1.3,16.5,0.222,8.2,13.8,8.8,1.9,3.2,14.8
1610612766,Antonio Reeves,1641810,CHA,SG,Combo,8,61,122,24,5,2,1,0,1,0.429,0.5,1,4,12,4,0.211,0.5,3,0.158,0.333,0.632,0.5,7.1,13.8,0.9,18.3,0,1.9,7.3,4.7,0.8,0,5
1610612752,Ariel Hukporti,1630574,NYK,C,Big,40,376,795,84,120,21,7,22,21,0.592,0.25,40,80,4,33,0.623,0.788,16,0.302,0.188,0.075,0.25,6,10,0.6,13.6,0.491,11.7,23.6,7.2,0.7,5.8,24.6
1610612737,Asa Newell,1642854,ATL,PF,Big,39,442,971,199,81,20,15,13,21,0.658,0.397,37,44,68,62,0.422,0.694,17,0.116,0.529,0.463,0.397,6.9,16.9,1.5,21.1,0.17,8.9,10.9,6.3,1.6,2.6,11.7
1610612765,Ausar Thompson,1641709,DET,SF,Combo,51,1324,2764,519,301,144,98,41,74,0.517,0.286,111,190,21,223,0.527,0.637,179,0.423,0.369,0.05,0.286,-2.8,17.5,2.3,25.8,0.343,9.4,15.7,14.8,3.6,3.1,13.2
1610612747,Austin Reaves,1630559,LAL,SG,Combo,30,1004,2114,756,154,172,31,7,98,0.62,0.374,20,134,202,107,0.239,0.794,143,0.319,0.49,0.442,0.374,10.8,29.1,10.5,45.1,0.536,2.5,14.9,27.5,1.5,0.6,14.9
1610612750,Ayo Dosunmu,1630245,MIN,SG,Combo,50,1326,2864,738,146,179,39,13,64,0.56,0.441,34,112,214,240,0.455,0.617,76,0.144,0.382,0.4,0.441,7.1,20.7,6.1,31.7,0.205,2.8,8.8,20.1,1.4,0.9,9.9
1610612748,Bam Adebayo,1628389,MIA,C,Big,50,1560,3402,915,489,144,50,34,90,0.5,0.336,101,388,238,170,0.234,0.671,318,0.438,0.409,0.328,0.336,-1.1,23.9,4.1,33.2,0.332,6.6,25.5,13.2,1.5,2,9.8
1610612738,Baylor Scheierman,1631248,BOS,SG,Wing,51,758,1540,199,144,53,29,4,23,0.595,0.386,26,118,118,17,0.109,0.647,25,0.16,0.56,0.731,0.386,3.7,11,1.1,15.8,0.09,3.8,17.5,8.8,2,0.6,12.4
1610612751,Ben Saraf,1642879,BKN,SG,Combo,22,384,802,112,36,60,17,4,40,0.4,0.25,7,29,48,35,0.31,0.457,30,0.265,0.333,0.425,0.25,-12.2,19,3.5,29,0.292,2,9.2,23,2.2,1,23.9
1610612754,Ben Sheppard,1641767,IND,SG,Combo,47,1013,2208,320,148,87,25,4,25,0.52,0.352,25,123,171,64,0.242,0.578,36,0.136,0.417,0.623,0.352,-1.7,13.2,1.5,18.4,0.147,2.7,13.5,12,1.2,0.3,8.1
1610612746,Bennedict Mathurin,1631097,LAC,SF,Wing,33,1043,2201,607,182,81,26,5,73,0.48,0.363,30,152,176,98,0.234,0.592,150,0.358,0.407,0.408,0.363,2.5,24,4,32.5,0.439,3,15.9,11.6,1.2,0.4,12.4
1610612764,Bilal Coulibaly,1641731,WAS,SG,Combo,36,946,2043,364,155,92,52,34,54,0.491,0.265,32,123,121,104,0.359,0.673,69,0.238,0.217,0.403,0.265,-4.8,17.6,2.4,24.8,0.379,3.5,14,13.1,2.6,3.1,13.8
1610612759,Bismack Biyombo,202687,SAS,C,Big,15,88,183,11,13,4,4,1,5,0.571,0,4,9,0,6,0.857,0.667,1,0.143,0,0,0,6.7,6.6,0,0,0.571,5,10.8,5.4,2.2,1,36.3
1610612762,Blake Hinson,1642396,UTA,SF,Big,2,41,89,24,5,1,0,0,1,0.75,0.667,1,4,9,2,0.154,0.5,2,0.154,1,0.692,0.667,36.2,14.1,1.4,17.6,0,2.6,10.7,3.7,0,0,7.1
1610612757,Blake Wesley,1631104,POR,SG,Combo,15,214,474,79,26,40,14,1,16,0.489,0.304,6,20,24,29,0.414,0.724,18,0.257,0.111,0.329,0.304,-7.2,18,4.6,30,0.286,3,10.3,26.5,3.1,0.4,16.9
1610612749,Bobby Portis,1626171,MIL,PF,Big,53,1285,2650,694,353,85,31,9,54,0.51,0.45,73,280,219,83,0.145,0.651,270,0.473,0.467,0.382,0.45,2,22.5,3.5,29.6,0.082,6.2,24.3,10.3,1.2,0.7,8.4
1610612765,Bobi Klintman,1641752,DET,SF,Forward,9,64,141,17,17,4,3,0,5,0.333,0.25,5,12,12,5,0.208,0.6,7,0.292,0.143,0.5,0.25,-22.5,19.6,0.9,24.3,0.125,8.8,20.5,7.9,2.3,0,16.5
1610612746,Bogdan Bogdanović,203992,LAC,SG,Combo,17,372,751,130,47,44,8,1,22,0.447,0.324,5,42,74,16,0.132,0.5,31,0.256,0.419,0.612,0.324,-5.9,18.1,3.3,26.9,0.157,1.6,12.8,16.9,1.1,0.3,14.5
1610612750,Bones Hyland,1630538,MIN,PG,Point,49,724,1555,349,87,127,28,11,42,0.592,0.386,18,69,170,62,0.23,0.694,41,0.152,0.439,0.617,0.386,3.8,19.5,6.5,32.3,0.167,2.7,10,24.5,1.7,1.2,12.4
1610612746,Bradley Beal,203078,LAC,SG,Combo,6,121,246,49,5,10,3,0,9,0.379,0.368,2,3,19,9,0.188,0.667,20,0.417,0.25,0.396,0.368,-8.5,22.2,3,29.8,0.167,2,2.8,12.3,1.2,0,14.9
1610612760,Branden Carlson,1642382,OKC,C,Big,34,373,793,166,88,19,6,18,12,0.662,0.356,21,67,59,57,0.438,0.772,14,0.108,0.214,0.454,0.356,4.3,17.4,1.7,21.9,0.131,6.4,18.7,7.2,0.8,4.8,8
1610612744,Brandin Podziemski,1641764,GSW,SG,Combo,57,1542,3284,690,274,209,64,11,85,0.523,0.369,45,229,256,100,0.189,0.68,181,0.342,0.436,0.47,0.369,1,18.9,4.6,29.1,0.251,3,16.1,19.2,2,0.7,12.2
1610612763,Brandon Clarke,1629634,MEM,PF,Wing,2,20,49,8,6,1,2,0,0,NA,NA,4,2,0,NA,NA,NA,NA,NA,NA,NA,NA,-18.9,22.3,NA,NA,0.444,21.4,10.7,7,4.7,0,0
1610612761,Brandon Ingram,1627742,TOR,SF,Wing,55,1867,3862,1209,314,206,43,44,136,0.514,0.369,46,268,274,164,0.176,0.665,502,0.537,0.464,0.287,0.369,0.8,27.3,6.3,39.5,0.263,2.8,16.4,17.3,1.1,2.2,11.4
1610612766,Brandon Miller,1641706,CHA,SF,Wing,41,1241,2571,841,190,139,42,35,114,0.474,0.354,44,146,340,102,0.151,0.667,242,0.357,0.393,0.492,0.354,-1.2,29.7,6.7,42.9,0.23,4.1,13,18.3,1.7,2.6,13.1
1610612742,Brandon Williams,1630314,DAL,PG,Point,48,1052,2312,610,135,180,50,10,93,0.55,0.219,24,111,117,182,0.403,0.643,156,0.345,0.442,0.252,0.219,-0.6,25.6,5.7,37.6,0.423,2.5,11,25.3,2.2,0.7,14.5
1610612762,Brice Sensabaugh,1641729,UTA,SF,Wing,54,1181,2581,674,160,84,36,5,68,0.568,0.344,39,121,282,73,0.139,0.712,170,0.324,0.506,0.537,0.344,2,22.6,3.3,29.9,0.24,3.6,11.2,10.5,1.4,0.4,10.5
1610612747,Bronny James,1642355,LAL,SG,Combo,29,211,446,63,15,35,11,2,14,0.394,0.407,4,11,27,8,0.133,0.75,25,0.417,0.28,0.45,0.407,-5.5,15.7,4.2,26,0.083,2.3,5.9,21.9,2.5,0.9,18.4
1610612746,Brook Lopez,201572,LAC,C,Big,50,961,1948,354,144,50,29,54,39,0.495,0.341,20,124,206,32,0.103,0.594,73,0.235,0.452,0.661,0.341,-3.2,17.3,1.5,22.1,0.113,2.6,14.5,7.6,1.5,5.5,10.7
1610612760,Brooks Barnhizer,1642964,OKC,SG,Forward,30,223,475,45,54,16,5,3,7,0.433,0.312,10,44,16,15,0.326,0.6,15,0.326,0.267,0.348,0.312,-9.8,10.8,0.4,14.6,0.13,5.1,20.6,8.9,1.1,1.3,12.6
1610612743,Bruce Brown,1628971,DEN,SG,Combo,58,1446,2993,450,233,125,62,15,62,0.51,0.362,68,165,97,143,0.401,0.678,120,0.336,0.308,0.263,0.362,-0.9,14.1,1.9,20.1,0.252,5.5,12.4,11.3,2,1,13.1
1610612740,Bryce McGowens,1631121,NOP,SG,Combo,34,693,1492,275,64,49,21,4,15,0.504,0.451,10,54,71,77,0.41,0.545,40,0.213,0.425,0.378,0.451,5.3,14.4,1.9,19.9,0.436,1.5,8.6,9.6,1.5,0.7,6.3
1610612764,Bub Carrington,1642267,WAS,PG,Point,56,1563,3369,563,199,254,36,11,134,0.423,0.386,25,174,299,35,0.072,0.457,159,0.326,0.415,0.602,0.386,-2.5,17.6,4.8,28.8,0.15,1.6,12,22.3,1.1,0.6,20.2
1610612760,Buddy Boeheim,1631205,OKC,SF,Big,3,14,30,6,0,0,0,0,0,NA,NA,0,0,6,NA,NA,NA,NA,NA,NA,NA,NA,-6.1,18.6,NA,NA,0,0,0,0,0,0,0
1610612737,Buddy Hield,1627741,ATL,SG,Wing,45,773,1667,354,108,66,37,9,43,0.6,0.342,26,82,196,63,0.209,0.73,42,0.14,0.405,0.651,0.342,-0.1,19.7,2.9,26.6,0.113,3.7,11.8,12.5,2.3,1.1,12
1610612737,CJ McCollum,203468,ATL,PG,Combo,54,1626,3502,1016,185,192,41,20,94,0.511,0.387,39,146,366,130,0.161,0.654,318,0.394,0.453,0.445,0.387,0.9,25.3,5.9,36.5,0.2,2.4,9.4,18.4,1.2,1.1,9.4
1610612765,Cade Cunningham,1630595,DET,PG,Point,49,1709,3614,1251,282,478,71,44,179,0.517,0.338,47,235,290,241,0.253,0.631,420,0.442,0.452,0.305,0.338,0.8,30.9,14.6,55.7,0.354,3.1,15.1,43.8,2,2.6,14
1610612737,Caleb Houstan,1631216,ATL,SF,Wing,10,49,108,23,5,2,1,1,4,0.333,0.5,4,1,12,2,0.133,0.5,1,0.067,0,0.8,0.5,14.4,17.3,1.8,21.5,0.2,8.7,2.2,5.4,1,1.8,19.7
1610612757,Caleb Love,1631126,POR,SG,Point,45,999,2147,507,114,122,27,4,61,0.492,0.321,25,89,290,89,0.184,0.596,106,0.219,0.406,0.598,0.321,-6.1,22.9,4.5,33.9,0.101,2.7,9.8,18.5,1.3,0.4,10.7
1610612742,Caleb Martin,1628997,DAL,SF,Combo,48,677,1486,169,119,74,34,11,33,0.475,0.368,23,96,40,56,0.403,0.679,45,0.324,0.222,0.273,0.368,-3.9,11.9,1.6,17.9,0.266,3.8,14.4,14.3,2.4,1.4,17.1
1610612746,Cam Christie,1642353,LAC,SG,Combo,38,379,762,130,60,22,10,3,16,0.47,0.286,12,48,42,35,0.324,0.6,31,0.287,0.323,0.389,0.286,-4.7,16.7,1.5,21.9,0.389,3.8,14.4,8.2,1.3,0.8,11.2
1610612763,Cam Spencer,1642285,MEM,SG,Combo,53,1271,2718,602,141,302,37,6,76,0.521,0.44,25,116,252,35,0.084,0.6,130,0.312,0.5,0.604,0.44,8.9,17.5,9.4,34.8,0.249,2.1,9.7,33.4,1.4,0.4,14.1
1610612749,Cam Thomas,1630560,MIL,SG,Combo,29,682,1371,467,55,81,4,2,57,0.476,0.326,11,44,138,58,0.16,0.534,169,0.467,0.456,0.373,0.326,-1.9,31.2,7.1,44.9,0.339,1.8,7.4,21.5,0.3,0.3,11.6
1610612764,Cam Whitmore,1641715,WAS,SF,Forward,21,354,781,193,58,15,15,8,18,0.54,0.286,19,39,56,72,0.426,0.708,41,0.243,0.244,0.331,0.286,-3.3,23.6,2,28.5,0.183,5.6,11.8,6.6,2,2,9
1610612743,Cameron Johnson,1629661,DEN,SF,Forward,34,1042,2190,398,123,78,23,10,29,0.511,0.429,24,99,151,76,0.266,0.671,63,0.22,0.317,0.514,0.429,5.3,15,2.1,20.4,0.245,2.7,10.4,10.1,1.1,0.9,8.4
1610612755,Cameron Payne,1626166,PHI,PG,Point,3,34,77,8,2,9,5,0,0,NA,NA,0,2,12,NA,NA,NA,NA,NA,NA,NA,NA,-31.1,18.4,NA,NA,0,0,0,34.5,6.3,0,0
1610612765,Caris LeVert,1627747,DET,SG,Wing,38,744,1574,294,67,107,34,27,49,0.5,0.353,12,55,119,53,0.215,0.755,75,0.304,0.32,0.482,0.353,-2.2,17.9,4.4,28.7,0.239,1.8,8.1,19.1,2.2,3.6,15.2
1610612759,Carter Bryant,1642868,SAS,PF,Forward,45,424,903,155,92,15,9,9,16,0.418,0.329,22,70,85,47,0.309,0.468,20,0.132,0.3,0.559,0.329,-8.2,17.6,0.8,21.5,0.145,5.7,17.4,4.7,1,1.9,9
1610612760,Cason Wallace,1641717,OKC,SG,Combo,55,1482,3152,456,170,135,115,15,53,0.511,0.34,48,122,217,118,0.297,0.627,70,0.176,0.314,0.526,0.34,-3.6,14,1.7,19.9,0.106,3.6,8.6,11.1,3.8,1,11.1
1610612763,Cedric Coward,1642907,MEM,SG,Combo,48,1263,2764,639,299,140,27,19,84,0.561,0.34,65,234,209,146,0.293,0.699,143,0.287,0.42,0.42,0.34,1.9,20.8,4.1,29.7,0.243,5.5,19.8,16.3,1,1.4,13.2
1610612755,Charles Bassey,1629646,PHI,C,Big,3,35,78,9,15,2,1,2,1,0.444,0,7,8,0,5,0.556,0.8,4,0.444,0,0,0,-12.5,13,0,0,0.333,20.8,23.7,7.2,1.3,5.2,8.8
1610612765,Chaz Lanier,1642404,DET,SG,Combo,20,171,365,62,19,13,5,0,2,0.5,0.333,7,12,45,1,0.018,1,11,0.193,0.455,0.789,0.333,-3.7,14.8,1.6,20.6,0.088,4.6,7.7,9.8,1.4,0,3.3
1610612760,Chet Holmgren,1631096,OKC,PF,Big,51,1490,3147,887,447,86,26,98,81,0.65,0.356,94,353,181,224,0.39,0.772,173,0.301,0.491,0.308,0.356,9.3,22.2,3.2,28.6,0.362,7.2,24.4,8.4,0.8,6.4,10.6
1610612738,Chris Boucher,1628449,BOS,PF,Big,9,94,189,21,18,3,5,7,1,0.6,0.133,2,16,15,7,0.28,0.714,3,0.12,0.333,0.6,0.133,-16.9,12.8,0.1,15.9,0.16,2.4,18.6,4,2.7,7.5,3.6
1610612739,Chris Livingston,1641753,CLE,SF,Wing,3,17,36,9,3,1,1,0,0,NA,NA,0,3,3,NA,NA,NA,NA,NA,NA,NA,NA,4.4,18.2,NA,NA,0.143,0,19.2,8.8,2.8,0,0
1610612747,Chris Mañon,1643024,LAL,SG,Wing,5,21,45,2,4,1,3,2,1,NA,NA,1,3,1,NA,NA,NA,NA,NA,NA,NA,NA,-2.9,6,NA,NA,2,5.8,16.3,5.5,6.9,8.9,34.7
1610612746,Chris Paul,101108,LAC,PG,Point,16,228,466,47,28,53,11,0,16,0.308,0.333,6,22,30,4,0.071,0.75,22,0.393,0.227,0.536,0.333,-14.8,14.2,4.4,27.3,0.036,3.2,10.9,31.4,2.4,0,22
1610612760,Chris Youngblood,1642959,OKC,SG,Wing,32,174,371,65,28,11,4,3,2,0.444,0.314,7,21,51,2,0.033,1,7,0.117,0.286,0.85,0.314,-5.6,16.5,1.4,21.1,0.167,4.6,12.6,8.2,1.1,1.7,3
1610612743,Christian Braun,1631128,DEN,SG,Wing,22,672,1411,225,97,65,15,7,28,0.579,0.271,34,63,52,80,0.494,0.688,34,0.21,0.324,0.296,0.271,0.6,14.2,2,20.7,0.29,6,10.1,13,1,1,12
1610612737,Christian Koloko,1631132,ATL,C,Big,20,306,664,56,66,14,12,20,12,0.455,0.2,26,40,5,33,0.55,0.576,22,0.367,0.273,0.083,0.2,-11.4,10.1,0.1,12.9,0.1,9.1,14.1,5.8,1.9,6,16.1
1610612761,Chucky Hepburn,1642935,TOR,PG,Point,2,13,26,0,1,2,1,0,1,NA,NA,0,1,5,NA,NA,NA,NA,NA,NA,NA,NA,-56.1,23,NA,NA,0,0,8.7,17.7,3.7,0,14.3
1610612745,Clint Capela,203991,HOU,C,Big,49,576,1172,177,218,26,25,38,19,0.524,0,103,115,0,107,0.728,0.617,40,0.272,0.275,0,0,-2.3,13.4,0,0,0.272,19.8,21.9,6.1,2.2,6.1,10.3
1610612766,Coby White,1629632,CHA,SG,Combo,29,843,1830,540,108,136,20,2,88,0.541,0.346,7,101,208,117,0.298,0.615,68,0.173,0.412,0.529,0.346,2.5,27.4,7.8,41.2,0.392,0.9,12.7,23.9,1.1,0.2,16
1610612754,Cody Martin,1628998,IND,SF,Wing,4,55,119,7,14,2,4,2,4,0.4,0,1,13,5,1,0.1,1,4,0.4,0.25,0.5,0,-28.4,12.8,0,15.3,0.6,1.9,26.2,4.6,3.5,3.1,24
1610612762,Cody Williams,1642262,UTA,SG,Combo,43,859,1873,253,106,41,28,19,30,0.586,0.222,39,67,72,88,0.384,0.716,69,0.301,0.42,0.314,0.222,-4.2,13.2,0.6,16.7,0.148,4.9,8.5,6.4,1.5,2.2,11
1610612765,Colby Jones,1641732,DET,SG,Wing,1,7,15,2,4,2,0,0,0,NA,NA,0,4,2,NA,NA,NA,NA,NA,NA,NA,NA,-22.8,17.7,NA,NA,0,0,62.6,37.9,0,0,0
1610612756,Cole Anthony,1630175,PHX,PG,Point,35,527,1118,234,87,121,20,11,65,0.478,0.306,16,71,72,44,0.19,0.545,115,0.498,0.452,0.312,0.306,-7.8,25.8,7.8,41.2,0.113,3.5,15,34,1.9,2.1,21.1
1610612756,Collin Gillespie,1631221,PHX,PG,Combo,57,1635,3421,763,235,270,78,12,97,0.448,0.417,59,176,411,43,0.071,0.512,160,0.264,0.431,0.665,0.417,2.4,19.2,6.6,32.5,0.116,3.7,12.5,24,2.4,0.7,12.5
1610612761,Collin Murray-Boyles,1642867,TOR,PF,Forward,45,1001,2058,358,224,90,42,39,51,0.602,0.348,110,114,47,172,0.656,0.692,44,0.168,0.25,0.176,0.348,4.2,14.8,2.3,21.8,0.244,12,13,12.7,2,3.9,14.7
1610612741,Collin Sexton,1629012,CHI,SG,Combo,48,1072,2254,670,95,166,44,8,104,0.534,0.378,24,71,168,150,0.318,0.673,157,0.333,0.401,0.348,0.378,4.5,25.8,8.2,40.5,0.361,2.6,7.3,24.9,1.9,0.7,15.9
1610612742,Cooper Flagg,1642843,DAL,SF,Forward,49,1669,3576,999,321,202,58,39,108,0.532,0.302,56,265,172,222,0.281,0.667,396,0.501,0.457,0.218,0.302,-0.1,25.1,5.2,35.9,0.291,3.6,16.3,18.9,1.6,1.9,10.8
1610612737,Corey Kispert,1630557,ATL,SF,Wing,38,768,1690,355,92,64,14,5,31,0.602,0.361,16,76,156,71,0.275,0.648,32,0.124,0.5,0.601,0.361,4.2,17.5,2.7,23.9,0.256,2.2,10.9,11.8,0.9,0.6,9.5
1610612739,Craig Porter Jr.,1641854,CLE,PG,Point,50,893,1921,230,170,157,50,30,45,0.496,0.366,67,103,71,59,0.286,0.661,76,0.369,0.368,0.345,0.366,-4,12.4,3.3,22.3,0.16,8.2,12.5,22,2.7,3.1,16.9
1610612743,Curtis Jones,1642938,DEN,SG,Combo,6,31,64,9,5,3,0,0,1,NA,NA,1,4,9,NA,NA,NA,NA,NA,NA,NA,NA,-24,21.1,NA,NA,0,3.9,13.9,12.8,0,0,6.7
1610612764,D'Angelo Russell,1626156,WAS,PG,Combo,26,495,1070,264,61,104,12,2,49,0.508,0.295,8,53,112,25,0.108,0.64,95,0.409,0.474,0.483,0.295,-5,26.1,7.6,41.5,0.259,1.7,11,31,1.1,0.3,15.9
1610612743,DaRon Holmes II,1641747,DEN,PF,Big,16,183,359,67,27,16,0,4,6,0.615,0.405,5,22,37,10,0.2,0.6,3,0.06,0.667,0.74,0.405,6.5,14.2,2.8,21.9,0.16,3.3,12.9,11.5,0,2,10.1
1610612758,Daeqwon Plowden,1631342,SAC,SG,Wing,9,188,396,46,26,12,3,3,5,0.611,0.182,14,12,33,11,0.216,0.909,7,0.137,0.143,0.647,0.182,-13.2,13.3,0.6,17.5,0.118,8.1,7.4,8.4,0.8,1.4,8.5
1610612738,Dalano Banton,1630625,BOS,PG,Combo,2,10,18,6,1,2,1,0,1,NA,NA,1,0,0,NA,NA,NA,NA,NA,NA,NA,NA,18.9,22.2,NA,NA,0,12,0,38.5,5,0,20
1610612755,Dalen Terry,1631207,PHI,SG,Wing,36,387,847,121,66,44,23,11,22,0.456,0.404,19,47,48,42,0.404,0.548,15,0.144,0.2,0.452,0.404,-3.2,14.6,2.5,21.6,0.163,5.4,12.7,15,2.7,2.5,16.5
1610612747,Dalton Knecht,1642261,LAL,SF,Combo,44,494,1037,196,66,15,9,9,19,0.639,0.306,13,53,99,31,0.182,0.774,41,0.241,0.537,0.576,0.306,-1.3,17.5,0.9,20.9,0.118,3.2,12.1,4.3,0.9,1.7,9.6
1610612742,Daniel Gafford,1629655,DAL,C,Big,40,859,1875,321,258,38,32,53,51,0.63,0,85,173,0,147,0.766,0.673,45,0.234,0.489,0,0,11,14.3,0,0,0.49,10.6,20.9,5.9,1.7,5.3,17.9
1610612765,Daniss Jenkins,1642450,DET,PG,Point,46,782,1662,366,85,144,40,7,62,0.448,0.383,27,58,115,64,0.207,0.656,130,0.421,0.346,0.372,0.383,-2.6,21.3,7,35.8,0.243,3.9,8.1,25.3,2.5,0.9,15.3
1610612751,Danny Wolf,1642874,BKN,PF,Forward,42,855,1743,351,197,90,24,24,47,0.473,0.315,44,153,152,115,0.362,0.548,54,0.17,0.315,0.469,0.315,-5.9,20.3,3.4,29,0.189,5.8,21.7,16.4,1.4,2.5,11.8
1610612758,Dario Saric,203967,SAC,C,Forward,5,41,85,5,6,2,0,0,2,0,0.333,1,5,3,2,0.333,0,1,0.167,0,0.5,0.333,-19.8,9.2,-0.3,12,0.333,2.6,14.1,5.9,0,0,22.5
1610612746,Darius Garland,1629636,LAC,PG,Point,26,792,1711,467,63,180,21,3,73,0.521,0.36,12,51,164,70,0.186,0.557,143,0.379,0.503,0.435,0.36,0.6,25.5,9.9,43.3,0.21,1.6,7,32.9,1.3,0.4,15.1
1610612759,David Jones Garcia,1642357,SAS,SF,Combo,11,68,156,32,13,18,6,1,5,0.5,0.6,4,9,5,14,0.56,0.429,6,0.24,0.667,0.2,0.6,1.8,20.2,10.8,37.3,0.24,6.5,13.9,37.9,4.2,1.3,15.3
1610612748,Davion Mitchell,1630558,MIA,PG,Point,47,1355,2964,423,119,331,52,9,77,0.514,0.4,18,101,140,97,0.274,0.567,117,0.331,0.47,0.395,0.4,0.1,13.5,5.9,27.9,0.15,1.3,7.6,31.2,1.8,0.6,17
1610612751,Day'Ron Sharpe,1630549,BKN,C,Big,54,1008,2066,461,362,123,60,23,87,0.659,0.212,149,213,33,190,0.66,0.747,65,0.226,0.4,0.115,0.212,8.4,19,3.4,28.4,0.479,16.2,25.9,20.2,2.9,2,19.4
1610612759,De'Aaron Fox,1628368,SAS,PG,Point,47,1491,3208,907,178,295,58,13,115,0.566,0.354,26,152,263,149,0.215,0.671,282,0.406,0.511,0.379,0.354,2.7,25,8.8,40.8,0.254,1.9,10.7,29.8,1.9,0.8,13
1610612758,De'Andre Hunter,1629631,SAC,SF,Forward,45,1175,2533,615,185,90,30,6,75,0.522,0.305,30,155,246,77,0.154,0.636,178,0.355,0.472,0.491,0.305,-1.6,22.6,3.1,30.1,0.285,2.8,14.3,10.6,1.2,0.5,11.7
1610612744,De'Anthony Melton,1629001,GSW,PG,Combo,30,659,1392,365,85,69,49,11,50,0.55,0.297,16,69,148,70,0.242,0.629,81,0.28,0.481,0.478,0.297,-2.2,24.7,4.5,34.9,0.242,2.6,11.6,16.1,3.4,1.6,13.5
1610612740,DeAndre Jordan,201599,NOP,C,Big,3,55,112,15,25,0,0,4,3,0.75,0,9,16,0,7,0.875,0.857,1,0.125,0,0,0,14.4,10.4,0,0,0.75,17.4,32.1,0,0,7,22
1610612758,DeMar DeRozan,201942,SAC,PF,Forward,58,1867,3947,1080,181,222,67,15,65,0.518,0.333,28,153,123,81,0.105,0.741,569,0.736,0.487,0.159,0.333,2.8,22.4,4.8,32.5,0.422,1.6,9.5,18.4,1.7,0.7,6.6
1610612739,Dean Wade,1629731,CLE,PF,Forward,46,1040,2222,267,190,69,36,18,14,0.643,0.361,37,153,156,44,0.209,0.636,12,0.057,0.667,0.735,0.361,2.8,9.8,0.6,13.6,0.171,3.8,16.1,8.2,1.7,1.5,5.4
1610612747,Deandre Ayton,1629028,LAL,C,Big,48,1351,2820,626,403,43,30,46,65,0.671,0,121,282,0,211,0.5,0.791,211,0.5,0.55,0,0,11.6,17.1,0,0,0.201,10.9,23.8,4.8,1.1,3.2,12.2
1610612757,Deni Avdija,1630166,POR,SF,Wing,48,1608,3457,1173,338,318,38,28,184,0.539,0.341,53,285,299,266,0.343,0.639,211,0.272,0.412,0.385,0.341,4.4,29,10.7,47.9,0.569,3.5,19.5,31.6,1.1,1.6,16
1610612739,Dennis Schröder,203471,CLE,PG,Point,47,1197,2508,571,139,239,42,8,89,0.451,0.328,22,117,185,81,0.173,0.556,205,0.437,0.41,0.39,0.328,-3.7,22.4,7.1,37.5,0.316,2,11,28.6,1.7,0.5,14
1610612742,Dereck Lively II,1641726,DAL,C,Big,7,115,256,30,37,13,4,11,10,0.611,0,14,23,0,16,0.889,0.625,2,0.111,0.5,0,0,10.9,11.8,0,0,0.556,13.2,20.6,14.6,1.6,8,30.9
1610612740,Derik Queen,1642852,NOP,C,Big,57,1481,3171,700,415,232,60,52,139,0.517,0.291,94,321,55,272,0.502,0.629,215,0.397,0.377,0.101,0.291,-0.2,21.6,4.5,32.9,0.352,6.7,23.9,22.8,1.9,3.4,18.2
1610612746,Derrick Jones Jr.,1627884,LAC,SF,Wing,25,650,1334,260,70,33,21,27,20,0.667,0.388,23,47,85,61,0.353,0.82,32,0.185,0.375,0.462,0.388,9.3,15.3,1.6,19.9,0.277,3.9,8.6,7.3,1.6,4,8.9
1610612738,Derrick White,1628401,BOS,SG,Combo,54,1855,3730,918,238,306,64,78,97,0.478,0.321,57,181,470,77,0.095,0.688,268,0.331,0.418,0.574,0.321,-4.2,23,6.4,37.1,0.178,3.4,10.6,22.9,1.7,4.3,9.9
1610612753,Desmond Bane,1630217,ORL,SG,Combo,56,1905,4040,1127,235,227,54,29,119,0.532,0.379,70,165,294,247,0.3,0.611,287,0.348,0.463,0.352,0.379,3.5,23.4,5.8,34.5,0.252,3.9,9.8,19,1.3,1.4,11.4
1610612756,Devin Booker,1626164,PHX,SG,Combo,44,1467,3092,1088,172,270,39,12,144,0.518,0.308,35,137,240,116,0.147,0.681,432,0.548,0.475,0.305,0.308,1.8,31.2,9.8,48.6,0.439,2.5,10.6,30.1,1.3,0.8,13.3
1610612758,Devin Carter,1642269,SAC,PG,Point,22,302,639,133,50,43,15,5,23,0.529,0.173,14,36,53,31,0.254,0.774,39,0.32,0.333,0.426,0.173,-8.7,23,3.7,33.2,0.317,5,13.8,20.5,2.4,1.5,14.1
1610612759,Devin Vassell,1630170,SAS,SG,Combo,43,1310,2783,598,163,100,35,18,40,0.507,0.358,20,143,279,44,0.087,0.614,183,0.362,0.481,0.551,0.358,-0.9,18.7,2.6,25.4,0.158,1.7,11.5,10.5,1.3,1.2,6.9
1610612756,Dillon Brooks,1628415,PHX,SF,Forward,50,1530,3203,1044,183,88,52,8,89,0.502,0.343,39,144,341,97,0.111,0.67,433,0.497,0.464,0.392,0.343,-1.4,28.8,3.9,37.4,0.216,2.7,10.7,9.5,1.7,0.5,8.5
1610612752,Dillon Jones,1641794,NYK,SF,Wing,4,21,47,7,5,3,2,0,0,NA,NA,2,3,3,NA,NA,NA,NA,NA,NA,NA,NA,-4.3,13.7,NA,NA,0.8,10.3,16,17,4.7,0,0
1610612758,Domantas Sabonis,1627734,SAC,C,Big,19,564,1199,301,216,78,18,4,51,0.593,0.185,64,152,27,124,0.561,0.661,70,0.317,0.471,0.122,0.185,2.9,23.1,4.2,33.4,0.348,12.3,31.1,21.8,1.5,0.6,16.7
1610612755,Dominick Barlow,1631230,PHI,PF,Forward,46,1111,2323,385,226,55,45,31,37,0.621,0.286,100,126,65,156,0.569,0.724,55,0.201,0.327,0.23,0.286,4.8,13.5,1.1,17.8,0.296,9.9,12.9,6.8,2,2.6,10.7
1610612757,Donovan Clingan,1642270,POR,C,Big,54,1483,3152,642,619,112,25,79,60,0.638,0.327,251,368,171,234,0.514,0.684,56,0.123,0.446,0.363,0.327,4.4,15.8,2.4,23,0.284,18.2,27,11,0.8,4.6,9.7
1610612739,Donovan Mitchell,1628378,CLE,SG,Combo,54,1809,3902,1547,242,316,83,15,167,0.58,0.376,41,201,509,234,0.214,0.671,357,0.326,0.521,0.46,0.376,5.7,32.8,11.5,50.7,0.293,2.5,11.9,29,2.2,0.8,11.7
1610612750,Donte DiVincenzo,1628978,MIN,SG,Combo,58,1803,3847,736,262,246,80,25,89,0.504,0.385,58,204,457,78,0.132,0.577,63,0.106,0.413,0.762,0.385,1.6,16.9,4.2,26.6,0.137,3.5,12.1,18.1,2.1,1.2,11.9
1610612745,Dorian Finney-Smith,1627827,HOU,PF,Forward,22,360,729,68,54,16,8,4,15,0.529,0.246,20,34,61,14,0.179,0.571,3,0.038,0.333,0.782,0.246,-13.7,11.1,0.1,14.8,0.064,6.2,10.4,5.5,1.1,1,15.8
1610612758,Doug McDermott,203926,SAC,SF,Forward,12,116,251,52,9,4,3,1,6,1,0.4,1,8,40,1,0.024,1,0,0,0,0.976,0.4,6,17.6,1.3,21.2,0.049,0.9,8,4.9,1.2,0.8,12.5
1610612751,Drake Powell,1642962,BKN,SG,Combo,45,852,1740,274,76,68,23,7,45,0.571,0.286,14,62,114,44,0.203,0.727,61,0.281,0.459,0.516,0.286,-1,14.9,1.8,21.1,0.263,1.7,9,11.9,1.4,0.8,15.7
1610612744,Draymond Green,203110,GSW,PF,Big,47,1247,2667,397,266,240,39,29,128,0.557,0.32,34,232,219,82,0.234,0.683,49,0.14,0.347,0.626,0.32,-3.2,17.1,4.9,29.2,0.166,3,20.8,26.2,1.5,2.1,25.4
1610612758,Drew Eubanks,1629234,SAC,C,Big,34,456,957,169,93,14,13,20,25,0.612,0.167,30,63,6,51,0.418,0.784,65,0.533,0.477,0.049,0.167,3.9,15.5,1,19.2,0.352,7.1,16,4.5,1.4,4,15.1
1610612766,Drew Peterson,1641809,CHA,PF,Forward,6,64,131,5,9,2,3,1,0,0.5,0,3,6,12,3,0.188,0.667,1,0.062,0,0.75,0,-41.3,11.1,-0.5,13.6,0.125,5.4,10.4,3.9,2.3,1.4,0
1610612747,Drew Timme,1631166,LAL,PF,Big,18,150,311,63,23,15,5,0,6,0.655,0.412,8,15,17,15,0.326,0.667,14,0.304,0.643,0.37,0.412,8.1,15.9,3.4,23.8,0.152,6.5,11.4,14.3,1.6,0,10.9
1610612748,Dru Smith,1630696,MIA,SG,Combo,57,973,2179,342,149,154,82,19,48,0.479,0.304,51,98,115,79,0.282,0.595,86,0.307,0.372,0.411,0.304,-2.9,15.3,3.4,24.7,0.336,5.3,10.3,20.1,3.9,1.7,13
1610612765,Duncan Robinson,1629130,DET,SF,Wing,53,1482,3155,651,141,97,33,16,37,0.574,0.405,19,122,388,45,0.091,0.733,63,0.127,0.46,0.782,0.405,5.4,15.8,2.1,21.8,0.151,1.4,9,8.7,1.1,1.1,6.5
1610612757,Duop Reath,1641871,POR,C,Big,32,258,560,94,38,10,5,8,7,0.526,0.418,10,28,55,14,0.189,0.643,5,0.068,0.2,0.743,0.418,5.2,13.1,0.7,16.8,0.081,4.1,11.9,5.4,0.9,2.8,8.4
1610612742,Dwight Powell,203939,DAL,C,Big,40,541,1178,114,142,38,21,12,20,0.649,0,53,89,2,52,0.881,0.654,5,0.085,0.6,0.034,0,10,8.2,0.5,11.8,1.051,10.6,16.9,8.8,1.8,1.8,18.8
1610612758,Dylan Cardwell,1642928,SAC,C,Big,29,616,1273,156,223,36,22,47,24,0.604,0,91,132,1,62,0.554,0.758,49,0.438,0.408,0.009,0,4.1,10.6,0.7,14.7,0.357,16,24.8,7.9,1.7,6.9,15.6
1610612759,Dylan Harper,1642844,SAS,SG,Combo,45,982,2084,497,151,164,37,15,63,0.551,0.257,30,121,113,199,0.468,0.618,113,0.266,0.434,0.266,0.257,-2.5,22.6,5.4,35,0.207,3.4,13,24.4,1.8,1.4,12
1610612737,Dyson Daniels,1630700,ATL,SG,Wing,56,1879,4042,640,366,340,103,22,108,0.556,0.128,124,242,80,271,0.476,0.668,220,0.387,0.418,0.137,0.128,-4.3,16.3,2.8,26.3,0.167,7,13.9,24.3,2.5,1.1,15
1610612751,E.J. Liddell,1630604,BKN,PF,Forward,10,49,103,22,11,0,1,0,0,0.667,0.364,3,8,11,2,0.118,1,4,0.235,0.5,0.647,0.364,3.9,16.3,0,17.8,0.176,6.7,19.9,0,1,0,0
1610612751,Egor Dëmin,1642856,BKN,PG,Combo,49,1233,2545,522,155,160,40,17,84,0.424,0.389,21,134,311,55,0.13,0.564,63,0.149,0.302,0.722,0.389,0.4,19.3,4.8,29.6,0.144,1.9,13.4,20.2,1.6,1.2,15.5
1610612762,Elijah Harkless,1641989,UTA,SG,Combo,8,73,157,19,8,6,4,0,4,0.6,0.286,2,6,7,3,0.25,0.667,2,0.167,0.5,0.583,0.286,1.8,11.5,1.2,16.7,0.833,3,9,10.2,2.6,0,19.6
1610612741,Emanuel Miller,1641801,CHI,PF,Forward,5,33,72,15,3,4,2,0,0,0.571,0.333,1,2,6,3,0.231,0.333,4,0.308,0.75,0.462,0.333,-2.1,17.7,3.3,25.8,0.154,3.3,6.4,17.4,2.9,0,0
1610612750,Enrique Freeman,1642402,MIN,PF,Forward,2,8,20,0,3,0,0,1,0,NA,NA,0,3,0,NA,NA,NA,NA,NA,NA,NA,NA,NA,0,NA,NA,NA,0,40.4,0,0,11,NA
1610612755,Eric Gordon,201569,PHI,SG,Combo,6,74,156,33,2,3,4,1,3,0.571,0.571,1,1,14,6,0.286,0.667,1,0.048,0,0.667,0.571,19.3,14.2,1.6,18.5,0.095,1.5,1.5,6,2.6,1.2,12.1
1610612754,Ethan Thompson,1630679,IND,SG,Combo,23,379,799,112,42,33,14,6,14,0.463,0.309,11,31,68,14,0.128,0.714,27,0.248,0.333,0.624,0.309,-7.8,14.5,1.6,20.5,0.147,3,9.1,12,1.8,1.4,10.8
1610612739,Evan Mobley,1630596,CLE,PF,Big,44,1445,3076,777,379,173,39,83,91,0.593,0.302,98,281,163,235,0.407,0.74,183,0.317,0.404,0.276,0.302,1.5,22,4.7,32.4,0.333,7.5,21.4,17.4,1.3,5.4,12
1610612753,Franz Wagner,1630532,ORL,SF,Forward,28,891,1920,596,161,101,30,9,48,0.521,0.365,41,120,115,151,0.353,0.649,162,0.379,0.401,0.269,0.365,3,26.3,5.9,37,0.407,5,15.2,18.4,1.6,0.9,8.7
1610612763,GG Jackson,1641713,MEM,PF,Big,35,670,1436,344,132,45,24,23,38,0.626,0.324,20,112,111,94,0.364,0.702,53,0.205,0.491,0.43,0.324,3.1,20.3,2.8,27.2,0.287,3.2,17.9,10,1.7,3.2,11.6
1610612737,Gabe Vincent,1629216,ATL,PG,Point,31,589,1247,143,29,44,18,1,13,0.276,0.355,8,21,109,4,0.029,0.5,25,0.184,0.24,0.787,0.355,-6.4,11.5,0.8,15.7,0.081,1.7,3.9,8.9,1.4,0.2,7.9
1610612761,Garrett Temple,202066,TOR,SG,Combo,14,38,79,4,4,4,3,1,3,0,0.2,0,4,5,0,0,0,2,0.286,0,0.714,0.2,-30.7,12.9,0.7,18,0.286,0,12.6,13.2,4.1,2.7,27.6
1610612754,Garrison Mathews,1629726,IND,SG,Combo,15,196,425,78,17,10,6,3,3,0.667,0.37,2,15,46,4,0.077,0.5,2,0.038,1,0.885,0.37,6.7,14.1,1.2,17.9,0.442,1.1,8.5,7,1.5,1.3,4.6
1610612749,Gary Harris,203914,MIL,SG,Combo,39,559,1158,96,54,41,21,6,16,0.481,0.426,13,41,49,13,0.176,0.692,14,0.189,0.286,0.635,0.426,4.2,7.5,0.3,11.2,0.122,2.7,8.2,9.3,1.9,1.1,17
1610612744,Gary Payton II,1627780,GSW,SG,Combo,52,691,1477,292,162,80,34,17,46,0.641,0.319,61,101,80,124,0.544,0.677,32,0.14,0.5,0.316,0.319,3,17.5,3.6,26.3,0.061,9.7,16.4,17.8,2.3,2.3,15.5
1610612749,Gary Trent Jr.,1629018,MIL,SG,Wing,49,1117,2315,393,52,69,27,3,26,0.441,0.365,6,46,256,16,0.046,0.562,77,0.221,0.416,0.733,0.365,-2.4,15.6,1.4,20.3,0.118,0.6,4.6,8.4,1.2,0.3,6.6
1610612749,Giannis Antetokounmpo,203507,MIL,PF,Big,30,876,1830,839,301,168,27,22,100,0.666,0.395,84,217,38,327,0.671,0.789,122,0.251,0.336,0.078,0.395,11.8,36.3,13.2,55.6,0.612,11,27.6,38.2,1.5,2.5,13.9
1610612753,Goga Bitadze,1629048,ORL,C,Big,43,681,1454,250,215,49,30,50,23,0.725,0.2,88,127,10,118,0.776,0.78,24,0.158,0.458,0.066,0.2,15.4,12.3,1.3,17.1,0.342,14.1,21,10.4,2.1,6.6,11.6
1610612761,Gradey Dick,1641711,TOR,SG,Wing,57,910,1956,364,127,38,38,5,33,0.535,0.312,38,89,156,78,0.262,0.654,66,0.221,0.394,0.517,0.312,-1.4,17.3,1.1,21.1,0.238,4.6,11.1,5.7,2,0.5,9.1
1610612766,Grant Williams,1629684,CHA,PF,Forward,16,321,680,115,69,28,6,6,14,0.571,0.316,23,46,60,11,0.129,0.545,17,0.2,0.588,0.671,0.316,0.2,15.7,2.1,21.8,0.341,9,15.8,10.7,1,1.2,10.9
1610612756,Grayson Allen,1628960,PHX,SG,Combo,36,1093,2269,623,113,142,51,11,61,0.519,0.366,26,87,331,65,0.132,0.692,97,0.197,0.402,0.671,0.366,1.5,23.2,6.1,35.5,0.219,2.5,9.1,19.4,2.3,1,10.1
1610612741,Guerschon Yabusele,1627824,CHI,C,Big,48,544,1154,186,131,34,10,8,22,0.508,0.333,31,100,105,37,0.234,0.595,22,0.139,0.364,0.627,0.333,-4.1,15.6,1.4,20.3,0.146,6.3,18.9,8.5,0.9,1.5,11.1
1610612744,Gui Santos,1630611,GSW,PF,Forward,46,705,1490,286,140,74,33,14,44,0.67,0.385,41,99,112,67,0.34,0.746,21,0.107,0.429,0.553,0.385,6.6,16.1,3.4,24.1,0.203,6.4,15.7,14.1,2.3,1.9,16.4
1610612759,Harrison Barnes,203084,SAS,PF,Forward,56,1542,3268,594,167,118,36,11,50,0.561,0.375,51,116,283,85,0.186,0.718,88,0.193,0.409,0.621,0.375,3.5,15,2.1,21,0.213,3.6,7.9,10.1,1.1,0.6,9.1
1610612759,Harrison Ingram,1631127,SAS,SF,Wing,5,17,40,9,3,1,0,0,0,NA,NA,3,0,1,NA,NA,NA,NA,NA,NA,NA,NA,33.9,12.4,NA,NA,0,19.4,0,9,0,0,0
1610612740,Herbert Jones,1630529,NOP,SF,Combo,35,1013,2130,315,123,93,54,17,47,0.493,0.297,31,92,155,93,0.311,0.559,51,0.171,0.373,0.518,0.297,-6.6,15.1,1.9,21.8,0.147,3.3,10,12.2,2.6,1.6,12.9
1610612738,Hugo González,1642864,BOS,SF,Wing,51,771,1569,196,170,29,31,12,29,0.584,0.329,44,126,80,57,0.339,0.737,32,0.19,0.312,0.47,0.329,-1.9,11.8,0.3,14.9,0.125,6.3,17.9,4.7,2,1.6,14.1
1610612740,Hunter Dickinson,1630621,NOP,C,Big,1,5,10,2,0,0,0,1,2,NA,NA,0,0,0,NA,NA,NA,NA,NA,NA,NA,NA,-6.1,33.5,NA,NA,0,0,0,0,0,19.3,50
1610612755,Hunter Sallis,1642282,PHI,SG,Combo,7,26,57,7,1,4,0,1,5,NA,NA,0,1,0,NA,NA,NA,NA,NA,NA,NA,NA,3.4,17.7,NA,NA,0.4,0,4.3,21.1,0,3.6,46
1610612743,Hunter Tyson,1641816,DEN,PF,Forward,21,162,333,46,36,17,2,1,5,0.368,0.212,4,32,33,11,0.212,0.455,8,0.154,0.25,0.635,0.212,-16.3,16.9,1.7,23.9,0.25,3,21.2,13.1,0.6,0.6,8
1610612761,Immanuel Quickley,1630193,TOR,PG,Combo,54,1749,3648,931,232,327,67,5,85,0.521,0.376,30,202,381,85,0.12,0.671,251,0.356,0.47,0.524,0.376,1.7,21.4,7.8,36.5,0.232,1.9,13.2,26.9,1.9,0.3,9.7
1610612765,Isaac Jones,1642403,DET,PF,Forward,4,18,37,5,2,1,0,0,0,NA,NA,2,0,2,NA,NA,NA,NA,NA,NA,NA,NA,-4.9,11.4,NA,NA,0.5,12.1,0,7,0,0,0
1610612741,Isaac Okoro,1630171,CHI,SG,Wing,49,1293,2749,451,136,76,32,24,34,0.572,0.342,58,78,166,160,0.464,0.619,27,0.078,0.296,0.458,0.342,1.5,13.8,1.2,18.4,0.228,4.7,6.3,7.9,1.2,1.6,7.8
1610612762,Isaiah Collier,1642268,UTA,PG,Combo,49,1250,2710,523,127,361,52,16,124,0.568,0.3,19,108,80,121,0.318,0.744,180,0.472,0.45,0.21,0.3,1.9,19,8,36.9,0.415,1.6,9.5,40.2,2,1.2,21.6
1610612745,Isaiah Crawford,1642384,HOU,SF,Wing,5,28,53,7,2,2,2,2,0,NA,NA,0,2,4,NA,NA,NA,NA,NA,NA,NA,NA,2.2,9,NA,NA,0,0,7.9,9.3,3.6,6.6,0
1610612760,Isaiah Hartenstein,1628392,OKC,C,Big,32,822,1720,341,305,115,32,22,65,0.651,0,105,200,5,131,0.604,0.763,81,0.373,0.469,0.023,0,8.8,17.2,2.3,25.6,0.373,14.9,25.4,19.5,1.9,2.7,20.2
1610612746,Isaiah Jackson,1630543,LAC,C,Big,40,647,1387,248,212,31,27,29,43,0.59,0,86,126,1,119,0.713,0.672,47,0.281,0.383,0.006,0,5.6,16,1.3,20.2,0.461,13.9,21.6,7,2,3.9,17.6
1610612760,Isaiah Joe,1630198,OKC,SG,Combo,49,1045,2217,528,127,70,36,9,33,0.533,0.417,26,101,289,34,0.096,0.588,41,0.116,0.488,0.788,0.417,8.4,18,2.8,24.2,0.252,2.8,10.3,9,1.5,0.9,7.1
1610612756,Isaiah Livers,1630587,PHX,PF,Forward,32,331,702,65,60,21,12,8,12,0.5,0.324,19,41,39,13,0.228,0.692,7,0.123,0.143,0.649,0.324,-4.8,9.7,0.3,13.6,0.175,6.4,14.3,8.4,1.9,2.4,16.3
1610612758,Isaiah Stevens,1641815,SAC,PG,Point,3,43,88,10,3,10,5,0,2,0.5,0,2,1,1,3,0.429,0.667,3,0.429,0.333,0.143,0,1,10.7,2.2,22.3,0.571,5.1,2.7,29.9,5.6,0,18.6
1610612765,Isaiah Stewart,1630191,DET,C,Big,48,1116,2359,479,247,55,13,82,56,0.639,0.321,78,169,106,153,0.451,0.765,80,0.236,0.4,0.313,0.321,6.1,16.3,1.7,21.6,0.307,7.9,16.6,6.7,0.6,7.3,12.7
1610612754,Ivica Zubac,1627826,IND,C,Big,43,1328,2708,619,473,96,16,36,82,0.613,0,148,325,0,241,0.562,0.71,188,0.438,0.489,0,0,7.4,19.1,0,0,0.308,13.4,27.7,11.6,0.6,2.6,14.4
1610612745,JD Davison,1631120,HOU,PG,Combo,24,178,360,53,21,26,5,4,7,0.5,0.296,2,19,27,7,0.137,0.714,17,0.333,0.412,0.529,0.296,-7.9,14.6,3.1,24.9,0.176,1.2,11.8,19.2,1.4,2.1,11.3
1610612763,Ja Morant,1629630,MEM,PG,Point,20,568,1265,389,65,161,20,6,71,0.473,0.235,8,57,85,83,0.258,0.614,154,0.478,0.396,0.264,0.235,-4,32.3,10.4,52.2,0.363,1.5,10.7,44.6,1.7,1,16
1610612761,Ja'Kobe Walter,1642266,TOR,SG,Combo,47,879,1838,303,108,48,44,8,26,0.563,0.351,33,75,156,63,0.268,0.619,24,0.102,0.417,0.63,0.351,1.2,14.2,1.2,18.7,0.209,4.2,9.3,7,2.5,0.9,9.2
1610612745,Jabari Smith Jr.,1631095,HOU,PF,Forward,54,1890,3849,827,378,98,43,52,69,0.522,0.364,83,295,332,119,0.178,0.689,218,0.326,0.431,0.496,0.364,0.3,17.8,1.9,24.2,0.217,4.9,17.2,7.3,1.1,2.5,8.6
1610612755,Jabari Walker,1631133,PHI,PF,Forward,48,582,1242,178,148,24,18,11,17,0.5,0.294,55,93,69,71,0.467,0.563,13,0.086,0.154,0.447,0.294,-4.6,14.1,0.5,17.3,0.309,10.2,18.4,5.7,1.5,1.8,9
1610612737,Jacob Toppin,1631210,ATL,SF,Wing,5,17,37,8,1,1,0,1,0,NA,NA,0,1,0,NA,NA,NA,NA,NA,NA,NA,NA,10.6,14.7,NA,NA,0,0,6.4,8.9,0,5.3,0
1610612764,Jaden Hardy,1630702,WAS,SG,Combo,37,482,1047,273,54,31,10,3,29,0.43,0.385,11,43,143,24,0.112,0.542,55,0.257,0.382,0.631,0.385,-0.8,23.8,3.2,30.5,0.196,2.6,8.7,9.5,1,0.4,11.1
1610612741,Jaden Ivey,1631093,CHI,SG,Combo,37,670,1422,316,91,68,23,14,41,0.525,0.373,24,67,134,57,0.223,0.596,65,0.254,0.462,0.523,0.373,1,19.6,3.9,28.7,0.184,4,10.9,14,1.6,2,12.9
1610612750,Jaden McDaniels,1630183,MIN,PF,Wing,56,1802,3836,835,245,162,55,58,102,0.543,0.449,63,182,191,171,0.285,0.696,243,0.404,0.436,0.311,0.449,5.6,18,3.6,26,0.226,4,10.7,12.6,1.5,2.7,13
1610612745,Jae'Sean Tate,1630256,HOU,SF,Wing,34,287,585,92,47,17,9,3,10,0.593,0.333,22,25,24,27,0.346,0.741,27,0.346,0.444,0.308,0.333,0.6,13.3,1.2,18.6,0.09,8.5,9.6,8.1,1.6,1,11
1610612763,Jahmai Mashack,1642942,MEM,SG,Big,14,196,437,58,24,15,19,4,13,0.484,0.3,6,18,30,16,0.262,0.625,15,0.246,0.333,0.492,0.3,-9.9,16,1.3,20.8,0.066,3.3,9.8,10.3,4.6,1.9,17.2
1610612748,Jahmir Young,1642443,MIA,PG,Point,8,44,101,17,4,6,1,0,2,0.417,0.286,2,2,7,8,0.421,0.375,4,0.211,0.5,0.368,0.286,-12.4,19.7,2.9,27.8,0.053,4.6,4.7,18.2,1,0,9.3
1610612746,Jahmyl Telfort,1643141,LAC,PF,Wing,8,32,67,1,3,1,1,0,1,0,0,0,3,4,0,0,0,0,0,0,1,0,-47.4,9.4,-0.6,10.8,1,0,10.6,3.8,1.6,0,14.8
1610612748,Jaime Jaquez Jr.,1631170,MIA,SF,Forward,53,1522,3374,799,287,247,44,15,118,0.552,0.257,72,215,105,241,0.375,0.685,297,0.462,0.444,0.163,0.257,-0.3,22.1,5,33.8,0.257,4.8,14.5,23.4,1.3,0.9,14.2
1610612747,Jake LaRavia,1631222,LAL,PF,Forward,56,1488,3128,518,222,107,73,27,65,0.594,0.33,77,145,188,117,0.3,0.744,85,0.218,0.388,0.482,0.33,2.2,15,1.7,20,0.295,6.2,11.2,9.6,2.4,1.7,12.7
1610612761,Jakob Poeltl,1627751,TOR,C,Big,24,593,1260,221,176,48,18,11,36,0.689,0,63,113,0,93,0.689,0.785,42,0.311,0.476,0,0,12.6,14.5,0,0,0.363,11.5,21.7,11.5,1.4,1.9,18.7
1610612752,Jalen Brunson,1628973,NYK,PG,Point,53,1838,3793,1423,180,328,38,6,121,0.532,0.374,26,154,404,159,0.151,0.635,499,0.473,0.499,0.377,0.374,2.9,30.8,11.1,49.6,0.286,1.6,9.3,29.1,1,0.3,9.1
1610612765,Jalen Duren,1631105,DET,C,Big,45,1247,2621,803,471,79,41,34,83,0.63,0,168,303,0,327,0.654,0.703,173,0.346,0.491,0,0,10.3,22.7,0,0,0.474,15.1,26.6,9.8,1.6,2.7,12.1
1610612756,Jalen Green,1630224,PHX,SG,Wing,10,192,402,133,28,24,12,0,15,0.431,0.333,5,23,64,24,0.209,0.458,34,0.296,0.412,0.496,0.333,-7.5,34.1,7,47.9,0.165,3.1,13.4,22.7,2.6,0,10.2
1610612737,Jalen Johnson,1630552,ATL,SF,Forward,53,1896,4123,1238,570,429,69,27,183,0.548,0.347,82,488,248,288,0.318,0.708,372,0.411,0.425,0.271,0.347,2.4,27.3,10.5,45.4,0.328,4.6,28.1,35,1.7,1.3,14.7
1610612743,Jalen Pickett,1629618,DEN,SG,Combo,39,688,1396,212,102,99,13,4,28,0.466,0.374,18,84,107,28,0.144,0.607,60,0.308,0.4,0.549,0.374,-3.1,14.5,3.6,24.2,0.056,3.1,13.1,18.7,0.9,0.5,12.3
1610612741,Jalen Smith,1630188,CHI,C,Big,46,935,2019,473,320,59,23,37,45,0.614,0.387,84,236,187,128,0.378,0.672,30,0.088,0.367,0.534,0.387,5.5,19.2,2.6,25.4,0.229,9.8,26.9,9.1,1.1,3.5,10.3
1610612753,Jalen Suggs,1630591,ORL,PG,Point,34,900,1971,473,135,185,66,26,86,0.575,0.328,24,111,204,77,0.204,0.675,97,0.257,0.495,0.54,0.328,0.8,23.6,7.6,37.9,0.225,2.9,13.9,31.1,3.5,2.6,17.2
1610612760,Jalen Williams,1631114,OKC,SG,Forward,26,755,1618,455,122,141,33,9,50,0.515,0.312,17,105,64,122,0.334,0.68,179,0.49,0.402,0.175,0.312,-0.6,26.4,7.5,40.3,0.279,2.6,14.4,28.4,2.1,1.2,10.9
1610612751,Jalen Wilson,1630592,BKN,PF,Forward,37,536,1099,196,60,22,16,2,21,0.381,0.359,8,52,103,33,0.199,0.455,30,0.181,0.3,0.62,0.359,-3.7,16.9,1.1,21.2,0.289,1.6,11.8,6.2,1.5,0.3,10.1
1610612753,Jamal Cain,1631288,ORL,SF,Wing,20,137,290,51,16,7,5,1,7,0.429,0.3,7,9,20,8,0.195,0.375,13,0.317,0.462,0.488,0.3,-4,17.3,1.3,22.1,0.439,5.6,7.4,6.9,1.8,0.7,12.5
1610612743,Jamal Murray,1627750,DEN,PG,Point,53,1874,3899,1352,235,396,52,20,126,0.52,0.427,21,214,395,176,0.183,0.648,399,0.414,0.464,0.404,0.427,5.5,28.5,12.9,48.3,0.275,1.4,12.4,33.8,1.4,1,10.1
1610612761,Jamal Shead,1642347,TOR,PG,Point,57,1268,2664,391,113,307,58,9,79,0.417,0.318,21,92,198,70,0.197,0.543,93,0.262,0.323,0.541,0.318,-7.5,16.1,5.7,30.7,0.223,1.7,8,31.5,2.2,0.7,16.9
1610612756,Jamaree Bouyea,1631123,PHX,PG,Point,31,479,972,207,59,56,22,13,21,0.578,0.345,14,45,56,37,0.226,0.892,72,0.439,0.417,0.335,0.345,1.2,17.8,4,28.2,0.134,3.3,10.7,17.1,2.1,2.5,10.3
1610612739,James Harden,201935,CLE,PG,Combo,50,1752,3573,1230,242,410,63,21,182,0.493,0.356,32,210,423,159,0.192,0.654,251,0.304,0.39,0.504,0.356,4.2,30.4,13.3,51.7,0.487,2.1,13.5,37.4,1.8,1.1,15
1610612754,James Wiseman,1630164,IND,C,Big,4,58,127,13,8,3,0,1,5,0.6,0,5,3,0,7,0.7,0.714,3,0.3,0.333,0,0,3.6,11.6,0,0,0.2,9,5.7,7.1,0,1.5,31.5
1610612764,Jamir Watkins,1642364,WAS,SG,Wing,29,531,1133,158,104,25,23,15,16,0.597,0.232,29,75,76,39,0.298,0.769,23,0.176,0.304,0.527,0.232,-6.3,13.1,0.6,17.3,0.252,5.5,15.1,6.1,2.1,2.4,9.9
1610612761,Jamison Battle,1642419,TOR,SF,Forward,40,339,709,125,58,15,5,2,14,0.632,0.415,14,44,54,29,0.319,0.655,9,0.099,0.556,0.582,0.415,7.1,14.1,1.1,18.1,0.099,4.3,14.4,6.2,0.7,0.6,12.8
1610612754,Jarace Walker,1641716,IND,PF,Forward,57,1392,3060,617,276,126,47,19,101,0.44,0.357,34,242,259,102,0.2,0.539,155,0.305,0.374,0.495,0.357,-3.3,20.8,3,27.6,0.259,2.5,19.1,13,1.6,1.2,14.9
1610612760,Jared McCain,1642272,OKC,SG,Combo,43,732,1570,313,94,67,26,2,38,0.414,0.388,13,81,142,58,0.213,0.5,75,0.276,0.347,0.511,0.388,-3.4,19.2,3,26.6,0.129,1.7,12.4,13.2,1.7,0.3,11.4
1610612762,Jaren Jackson Jr.,1628991,UTA,C,Big,48,1455,3140,931,272,94,53,69,107,0.533,0.357,42,230,235,137,0.191,0.62,347,0.483,0.499,0.327,0.357,1.5,26.1,3.8,34.1,0.282,3.1,16.9,10.3,1.7,4.4,11.7
1610612747,Jarred Vanderbilt,1629020,LAL,PF,Forward,47,888,1857,233,230,62,44,16,47,0.598,0.304,66,164,80,93,0.5,0.624,14,0.075,0.429,0.425,0.304,-0.5,12.5,1.1,17.1,0.253,9,20.8,9.2,2.4,1.7,18.2
1610612739,Jarrett Allen,1628386,CLE,C,Big,46,1260,2702,680,393,90,44,40,63,0.64,0.1,116,277,10,230,0.546,0.77,181,0.43,0.475,0.024,0.1,10.2,19.1,2.1,25.4,0.451,9.7,23.9,10.4,1.7,3,10.6
1610612753,Jase Richardson,1642859,ORL,SG,Combo,41,485,1014,202,53,49,12,2,22,0.545,0.368,19,34,69,41,0.263,0.683,47,0.301,0.426,0.436,0.368,1.4,17.3,3.3,25.4,0.237,4.4,7.8,14.3,1.2,0.4,11.3
1610612763,Javon Small,1642914,MEM,PG,Point,22,352,780,146,49,70,13,5,24,0.422,0.386,15,34,57,29,0.24,0.621,35,0.289,0.257,0.471,0.386,-2.2,18.8,6.1,31.5,0.273,4.6,10.3,27.4,1.7,1.3,15
1610612757,Javonte Cooke,1631451,POR,SG,Combo,17,89,200,23,17,7,6,0,9,0.353,0.143,3,14,21,6,0.158,0.333,11,0.289,0.364,0.553,0.143,-26.5,21.7,1.1,27.4,0.053,3.6,17.3,10.5,3.2,0,18.8
1610612765,Javonte Green,1629750,DET,SG,Combo,55,1015,2180,382,153,40,72,16,37,0.566,0.358,45,108,159,86,0.306,0.651,36,0.128,0.361,0.566,0.358,3.4,14.6,0.9,18.5,0.324,5,11.7,5.1,3.4,1.6,10.3
1610612747,Jaxson Hayes,1629637,LAL,C,Big,47,812,1713,320,179,43,19,29,24,0.771,1,66,113,2,133,0.773,0.805,37,0.215,0.649,0.012,1,21,12.4,1.3,16.3,0.453,9.8,16,7.5,1.1,3.4,10.4
1610612754,Jay Huff,1630643,IND,C,Big,58,1164,2500,522,220,75,32,112,45,0.741,0.323,52,168,257,115,0.292,0.774,28,0.071,0.607,0.637,0.323,4.4,17.4,2.1,22.9,0.173,4.8,16.2,9.8,1.3,8.2,9.6
1610612738,Jaylen Brown,1627759,BOS,SF,Wing,51,1749,3552,1490,359,249,52,20,183,0.534,0.345,57,302,305,226,0.201,0.73,601,0.535,0.461,0.264,0.345,1.1,36.6,10.5,54.7,0.307,3.7,18.7,24.8,1.4,1.2,12.3
1610612750,Jaylen Clark,1641740,MIN,SG,Combo,54,719,1546,206,101,31,39,8,19,0.525,0.296,47,54,73,60,0.353,0.617,39,0.229,0.385,0.418,0.296,-4.3,12.7,0.4,16,0.345,7.4,8,5.5,2.6,1,8.4
1610612763,Jaylen Wells,1642377,MEM,SG,Wing,54,1448,3082,667,183,91,45,7,61,0.502,0.343,49,134,283,108,0.196,0.583,159,0.289,0.447,0.515,0.343,-1.6,19.2,2.2,25.6,0.255,3.6,9.9,8.9,1.5,0.5,9.1
1610612760,Jaylin Williams,1631119,OKC,PF,Big,43,827,1764,276,208,106,25,29,44,0.524,0.323,23,185,163,31,0.14,0.581,32,0.145,0.469,0.715,0.323,-2.4,15.5,3,23.6,0.276,3.2,23.4,16.6,1.5,3.4,14.8
1610612739,Jaylon Tyson,1642281,CLE,SG,Wing,53,1445,3058,716,280,117,44,21,81,0.542,0.471,103,177,229,172,0.327,0.599,129,0.245,0.465,0.428,0.471,6.8,18.7,3.7,26.8,0.163,7.8,13.2,11.4,1.4,1.4,12.4
1610612745,Jeff Green,201145,HOU,PF,Big,18,82,162,41,10,3,1,1,1,0.556,0.435,1,9,23,5,0.156,0.6,4,0.125,0.5,0.719,0.435,7.1,17.1,1.9,23.4,0.031,1.4,12.1,5.3,0.6,1.1,3
1610612757,Jerami Grant,203924,POR,PF,Forward,42,1220,2663,779,146,96,27,28,86,0.495,0.374,37,109,252,169,0.317,0.633,118,0.221,0.297,0.462,0.374,3.2,24.6,4.3,33.5,0.445,3.3,9.9,12.2,1,2,11.9
1610612740,Jeremiah Fears,1642847,NOP,PG,Point,58,1488,3186,764,217,182,73,18,128,0.471,0.314,42,175,188,273,0.401,0.582,220,0.323,0.332,0.276,0.314,-5.1,24.7,4.8,35.2,0.229,3,13,18.2,2.4,1.2,14.6
1610612742,Jeremiah Robinson-Earl,1630526,DAL,PF,Forward,22,361,785,101,103,15,9,1,12,0.458,0.244,36,67,41,44,0.44,0.477,15,0.15,0.4,0.41,0.244,-9.3,14,0.4,17,0.18,10.5,20.3,5.7,1.2,0.2,10
1610612752,Jeremy Sochan,1631110,NYK,PF,Big,31,383,804,118,76,31,11,6,18,0.597,0.25,26,50,36,47,0.456,0.638,20,0.194,0.5,0.35,0.25,-2.9,14.4,1.5,20,0.157,7.7,13.3,10.3,1.4,1.5,14.2
1610612749,Jericho Sims,1630579,MIL,C,Big,41,656,1338,151,179,35,8,12,41,0.825,0,58,121,0,73,0.912,0.836,7,0.088,0.714,0,0,25.5,9,0,0,0.288,10,20.6,6.9,0.6,1.7,30.2
1610612753,Jett Howard,1641724,ORL,SF,Forward,36,391,814,174,47,30,7,7,8,0.481,0.359,11,36,96,22,0.151,0.545,32,0.219,0.438,0.63,0.359,-1,18.5,2.5,25.3,0.158,3.2,9.6,10.9,0.9,1.7,4.3
1610612753,Jevon Carter,1628975,ORL,PG,Combo,27,333,719,153,34,29,17,5,15,0.438,0.396,6,28,96,13,0.102,0.385,19,0.148,0.474,0.75,0.396,1.5,19.8,3.1,25.9,0.086,1.7,9.2,11.3,2.4,1.1,10.1
1610612744,Jimmy Butler III,202710,GSW,SF,Forward,38,1182,2505,760,211,185,55,8,60,0.553,0.376,88,123,85,194,0.421,0.701,182,0.395,0.396,0.184,0.376,8.5,23.2,7.5,36.8,0.621,8.1,11.6,24.2,2.2,0.6,9.3
1610612750,Joan Beringer,1642866,MIN,PF,Big,29,202,447,91,57,7,3,13,8,0.667,0,29,28,0,53,0.93,0.679,4,0.07,0.5,0,0,10.9,16,0,0,0.228,16.8,15.1,5.5,0.8,6.2,11.3
1610612737,Jock Landale,1629111,ATL,C,Big,52,1203,2559,591,331,85,27,28,50,0.589,0.393,160,171,153,156,0.363,0.641,124,0.288,0.524,0.349,0.393,4.4,18.3,2.8,25.5,0.235,14.1,15.2,10.4,1,2.1,9.4
1610612750,Joe Ingles,204060,MIN,SF,Wing,20,80,199,10,7,16,7,0,7,0.5,0.333,0,7,6,1,0.125,0,1,0.125,1,0.75,0.333,0.2,8.8,1.6,15.2,0.25,0,9.9,23.1,4.4,0,44.1
1610612755,Joel Embiid,203954,PHI,C,Big,31,972,2028,825,232,121,20,34,92,0.542,0.32,65,167,122,146,0.259,0.658,295,0.524,0.485,0.217,0.32,4.5,33.7,8.6,48.7,0.476,7.2,19.3,22.3,1,3.2,11.9
1610612746,John Collins,1628381,LAC,PF,Forward,53,1473,3000,729,273,51,43,43,72,0.636,0.427,74,199,171,187,0.37,0.77,148,0.292,0.466,0.338,0.427,9.8,18.9,1.9,23.4,0.213,6,15.3,5.5,1.5,2.8,11.5
1610612762,John Konchar,1629723,UTA,SG,Wing,35,543,1179,111,113,52,40,17,17,0.721,0.265,28,85,49,37,0.402,0.757,6,0.065,0.5,0.533,0.265,-0.1,8.8,0.8,13.7,0.174,5.5,16.8,12.1,3.5,2.9,14.7
1610612755,Johni Broome,1641780,PHI,C,Big,11,55,117,10,16,4,3,2,3,0.211,0,7,9,5,8,0.333,0.375,11,0.458,0.091,0.208,0,-37.3,22.8,0.5,28.3,0.25,13.7,18.4,9.4,2.6,3.4,10.1
1610612754,Johnny Furphy,1642277,IND,SG,Wing,35,643,1372,180,153,41,20,7,29,0.603,0.324,32,121,71,61,0.409,0.689,17,0.114,0.294,0.477,0.324,-1.4,12.7,0.9,17,0.235,5.2,20.8,8.8,1.5,0.9,15
1610612750,Johnny Juzang,1630548,MIN,SG,Wing,21,88,206,43,17,6,2,1,5,0.714,0.25,5,12,24,4,0.105,1,10,0.263,0.6,0.632,0.25,-4.3,22.2,2,26.2,0.211,6.3,14.7,9.6,1.1,1,10.7
1610612743,Jonas Valančiūnas,202685,DEN,C,Big,46,663,1338,410,239,58,12,28,55,0.592,0.278,74,165,18,114,0.403,0.64,151,0.534,0.556,0.064,0.278,5.8,25.6,4,35.1,0.346,13.4,26.9,13.5,0.8,4,14.4
1610612753,Jonathan Isaac,1628371,ORL,PF,Forward,47,475,1010,128,123,19,18,28,17,0.574,0.189,38,85,37,42,0.429,0.69,19,0.194,0.316,0.378,0.189,-5.2,12.7,0.4,15.8,0.531,8.6,20.3,5.2,1.9,5,12.3
1610612737,Jonathan Kuminga,1630228,ATL,PF,Big,20,476,1006,242,117,50,8,6,46,0.504,0.321,29,88,53,67,0.345,0.627,74,0.381,0.392,0.273,0.321,-1.8,23.9,4.4,33.6,0.34,6.6,20.6,15.8,0.8,1.1,17.1
1610612761,Jonathan Mogbo,1642367,TOR,PF,Big,23,139,300,30,37,10,4,4,6,0.5,0,12,25,0,20,0.714,0.5,8,0.286,0.5,0,0,-6.4,11.1,0,0,0.179,9.5,20.3,9.3,1.4,2.8,16.6
1610612752,Jordan Clarkson,203903,NYK,SG,Combo,51,963,2015,465,89,67,21,8,53,0.516,0.333,41,48,186,79,0.197,0.595,136,0.339,0.471,0.464,0.333,-2.4,21.4,2.8,28.6,0.18,4.6,5.6,9.9,1.1,0.8,10.9
1610612756,Jordan Goodwin,1630692,PHX,PG,Combo,54,1206,2484,482,256,121,80,11,53,0.467,0.356,103,153,239,113,0.252,0.584,97,0.216,0.33,0.532,0.356,-4.6,18.2,3.1,26.9,0.096,9.1,14.4,14.3,3.3,0.9,10.2
1610612740,Jordan Hawkins,1641722,NOP,SG,Combo,38,504,1070,156,62,27,8,7,23,0.342,0.306,14,48,98,17,0.098,0.471,59,0.339,0.305,0.563,0.306,-13.2,17,0.9,21.7,0.103,3,10.5,7.1,0.8,1.3,11.2
1610612759,Jordan McLaughlin,1629162,SAS,PG,Point,27,169,367,54,18,19,13,1,9,0.4,0.385,4,14,26,14,0.275,0.643,11,0.216,0.091,0.51,0.385,-5.3,15.5,2.5,22.6,0.098,2.6,8.7,14.6,3.7,0.5,14.5
1610612746,Jordan Miller,1641757,LAC,SF,Wing,36,713,1450,326,109,63,25,6,41,0.587,0.342,32,77,73,74,0.351,0.662,64,0.303,0.5,0.346,0.342,5.6,18.9,3.4,26.6,0.45,5.6,12.5,13.5,1.8,0.7,13.7
1610612740,Jordan Poole,1629673,NOP,PG,Combo,30,759,1639,432,58,94,20,9,53,0.429,0.341,6,52,226,75,0.209,0.48,58,0.162,0.362,0.63,0.341,-2.4,25.1,5.3,35.9,0.276,0.8,7.6,17.9,1.3,1.1,11.6
1610612738,Jordan Walsh,1641775,BOS,PF,Forward,50,901,1795,276,211,41,41,24,29,0.623,0.379,71,140,88,85,0.423,0.729,29,0.144,0.31,0.433,0.379,6.4,12,0.9,16.3,0.224,8.8,17,6,2.3,2.6,10.9
1610612752,Jose Alvarado,1630631,NYK,PG,Point,47,1024,2156,385,129,150,50,5,53,0.539,0.364,18,111,231,53,0.162,0.698,49,0.15,0.367,0.688,0.364,-0.3,16.5,4.2,26.8,0.092,1.9,11.8,20.3,2.4,0.5,13.5
1610612741,Josh Giddey,1630581,CHI,PG,Combo,37,1161,2534,669,304,313,35,13,131,0.509,0.374,45,259,174,173,0.351,0.59,149,0.302,0.416,0.347,0.374,1.5,26,11.8,46,0.379,4.2,24.1,39.7,1.4,1,18.3
1610612766,Josh Green,1630182,CHA,SG,Combo,34,557,1146,168,68,34,22,4,20,0.548,0.427,30,38,86,20,0.177,0.6,11,0.097,0.455,0.726,0.427,8.2,11.2,1.2,16,0.168,6.3,7.3,8.3,1.8,0.7,14.1
1610612752,Josh Hart,1628404,NYK,SF,Wing,46,1402,2905,547,346,239,52,14,93,0.561,0.4,66,280,171,129,0.315,0.674,110,0.269,0.427,0.416,0.4,3.8,16.7,5.7,29.1,0.213,5.1,22.3,23.2,1.9,1,16.9
1610612751,Josh Minott,1631169,BKN,PF,Big,33,526,1061,192,118,33,24,12,20,0.583,0.442,40,78,77,37,0.27,0.784,23,0.168,0.261,0.562,0.442,9,13.7,1.9,19.5,0.191,8.4,16.2,8.3,2.3,2.3,11.9
1610612745,Josh Okogie,1629006,HOU,SG,Combo,52,1021,2050,272,146,46,48,12,35,0.5,0.388,62,84,121,69,0.315,0.58,29,0.132,0.31,0.553,0.388,-0.2,11.4,0.5,15.6,0.251,6.7,9.1,5.8,2.4,1.1,12.6
1610612757,Jrue Holiday,201950,POR,PG,Point,29,817,1774,449,134,184,35,3,80,0.537,0.38,45,89,183,61,0.171,0.689,116,0.326,0.457,0.503,0.38,1.8,23.4,9.6,41.4,0.171,5.6,12.1,34.9,2,0.3,16.2
1610612759,Julian Champagnie,1630577,SAS,SF,Forward,56,1558,3325,617,328,81,43,22,51,0.607,0.369,49,279,358,67,0.144,0.761,40,0.086,0.35,0.77,0.369,4.1,15.2,1.4,19.8,0.23,3.5,18.8,6.8,1.3,1.2,9.1
1610612750,Julian Phillips,1641763,MIN,SF,Forward,38,346,765,107,44,7,20,6,8,0.548,0.32,22,22,50,36,0.391,0.583,6,0.065,0.333,0.543,0.32,-2.4,12.9,-0,14.6,0.141,7,6.8,2.7,2.6,1.5,6.7
1610612743,Julian Strawther,1631124,DEN,SG,Wing,35,514,1083,245,76,39,17,3,21,0.566,0.349,9,67,86,44,0.242,0.705,55,0.302,0.455,0.456,0.349,2.4,19.9,2.8,26.3,0.28,1.9,14.1,10.5,1.6,0.4,9.3
1610612750,Julius Randle,203944,MIN,PF,Forward,58,1942,4158,1282,399,308,64,15,151,0.558,0.324,97,302,277,294,0.325,0.684,340,0.375,0.45,0.3,0.324,3.4,26.6,7.6,40.5,0.391,5.6,16.9,24.1,1.6,0.6,12.3
1610612764,Justin Champagnie,1630551,WAS,SF,Wing,51,975,2082,389,295,56,40,29,34,0.6,0.321,110,185,109,145,0.485,0.69,45,0.151,0.311,0.365,0.321,2.6,15.6,1.5,20.7,0.247,11.8,20.2,8.1,1.9,2.6,9.3
1610612755,Justin Edwards,1642348,PHI,SF,Wing,43,601,1302,201,63,44,28,8,24,0.508,0.336,18,45,112,27,0.156,0.667,36,0.208,0.389,0.636,0.336,-2.6,14.7,1.5,19.7,0.133,3.2,8.5,10.1,2.3,1.2,11.6
1610612762,Jusuf Nurkić,203994,UTA,C,Big,41,1083,2377,447,425,196,52,22,101,0.54,0.352,106,319,71,132,0.369,0.583,155,0.433,0.503,0.198,0.352,-1.3,19.4,5.3,31.4,0.316,10.6,32.3,25.6,2.3,2,19.9
1610612743,KJ Simpson,1642354,DEN,PG,Point,15,230,478,87,30,39,15,0,24,0.385,0.308,6,24,39,25,0.275,0.48,27,0.297,0.296,0.429,0.308,-12.1,22.5,5.2,35.6,0.198,3,11.5,24,3.2,0,19.5
1610612764,Kadary Richmond,1642955,WAS,SG,Forward,3,67,151,25,10,8,8,1,2,0.667,0.5,1,9,4,9,0.562,0.667,3,0.188,0.667,0.25,0.5,16.1,12,2.9,18.8,0.188,1.6,14.3,16.7,5.7,1.3,10.4
1610612754,Kam Jones,1642880,IND,SG,Combo,21,297,652,73,24,43,8,0,16,0.561,0.179,6,18,30,11,0.159,0.818,30,0.435,0.467,0.406,0.179,-12.1,13.7,1.9,20.3,0.087,2.3,7.5,20.6,1.2,0,17.3
1610612752,Karl-Anthony Towns,1626157,NYK,C,Big,54,1694,3550,1084,636,155,49,31,136,0.524,0.357,166,470,244,342,0.46,0.602,166,0.223,0.361,0.316,0.357,3.7,25.9,5.2,36.2,0.427,10.6,31.2,13.6,1.4,1.9,13.1
1610612740,Karlo Matković,1631255,NOP,PF,Big,45,599,1289,230,146,34,15,34,23,0.711,0.464,38,108,56,80,0.523,0.825,17,0.111,0.176,0.366,0.464,14.8,12.9,1.5,17.4,0.137,6.7,19.9,8,1.2,5.5,12.4
1610612748,Kasparas Jakučionis,1642857,MIA,PG,Point,31,533,1200,179,78,78,21,2,29,0.333,0.453,25,53,86,30,0.219,0.467,21,0.153,0.143,0.628,0.453,3.3,13.6,3.6,22.4,0.226,4.8,10.2,18.3,1.8,0.3,16.1
1610612746,Kawhi Leonard,202695,LAC,SF,Wing,44,1441,2913,1234,280,163,89,23,98,0.552,0.383,45,235,307,119,0.141,0.748,426,0.504,0.498,0.355,0.383,5.9,33.5,9.1,48.2,0.325,3.8,18.3,21.6,3.1,1.4,9
1610612737,Keaton Wallace,1630811,ATL,PG,Point,41,449,952,156,47,81,21,5,22,0.434,0.405,3,44,84,6,0.044,0.5,47,0.343,0.426,0.613,0.405,-1.4,15.3,5,27.3,0.095,0.7,10.7,23.5,2.2,1,13.4
1610612758,Keegan Murray,1631099,SAC,PF,Forward,21,750,1574,312,126,33,24,32,26,0.519,0.28,32,94,107,33,0.115,0.758,148,0.514,0.466,0.372,0.28,-5.3,18.9,1.4,23.7,0.149,4.6,14.5,6.4,1.5,3.9,7.8
1610612748,Kel'el Ware,1642276,MIA,C,Big,54,1199,2653,614,507,30,41,54,46,0.59,0.404,165,342,156,236,0.504,0.686,76,0.162,0.289,0.333,0.404,5.3,18.4,1.2,22.3,0.156,14,29.2,3.6,1.6,4,8.4
1610612759,Keldon Johnson,1629640,SAS,SF,Wing,56,1330,2832,753,321,79,36,8,55,0.627,0.384,97,224,177,220,0.421,0.677,126,0.241,0.54,0.338,0.384,8.1,20.3,3,26.9,0.277,8,17.7,8.8,1.3,0.5,8.6
1610612759,Kelly Olynyk,203482,SAS,C,Big,32,299,635,109,61,38,13,1,21,0.705,0.237,20,41,38,30,0.366,0.833,14,0.171,0.429,0.463,0.237,1.1,16.4,3,25,0.366,7.4,14.4,16.8,2.1,0.3,18.1
1610612755,Kelly Oubre Jr.,1626162,PHI,SF,Wing,35,1146,2391,505,164,58,48,21,46,0.551,0.363,31,133,178,95,0.257,0.632,103,0.279,0.476,0.463,0.363,2.3,17.6,1.8,23.2,0.295,2.9,13.1,7.3,1.9,1.7,9.5
1610612760,Kenrich Williams,1629026,OKC,PF,Forward,38,614,1281,266,130,57,23,5,32,0.6,0.4,38,92,92,56,0.287,0.679,49,0.251,0.51,0.462,0.4,5,17.6,3.4,25,0.19,7.1,15.9,13,1.9,0.8,12.8
1610612763,Kentavious Caldwell-Pope,203484,MEM,SG,Combo,51,1088,2314,428,125,139,43,8,61,0.495,0.316,20,105,174,54,0.148,0.611,138,0.377,0.449,0.475,0.316,-2.8,17.6,3.6,27,0.219,2,10.3,17.5,1.9,0.7,13.2
1610612739,Keon Ellis,1631165,CLE,SG,Combo,50,908,1913,279,76,39,58,28,27,0.5,0.362,17,59,167,28,0.119,0.857,44,0.187,0.273,0.694,0.362,-2.1,13.3,0.6,16.8,0.145,2.1,7.4,5.4,3,2.9,9.4
1610612748,Keshad Johnson,1642352,MIA,SF,Forward,23,164,379,73,43,2,5,5,10,0.474,0.32,16,27,25,27,0.429,0.556,11,0.175,0.273,0.397,0.32,-4.3,19.8,0.5,22,0.27,9.9,16.9,1.6,1.4,2.7,12.4
1610612764,Keshon Gilbert,1642933,WAS,PG,Combo,3,48,100,6,5,3,2,4,6,0.5,0,2,3,2,2,0.5,0.5,0,0,0,0.5,0,-4,10.2,0.5,14.4,1,4.4,6.7,7.4,2,7.4,51
1610612745,Kevin Durant,201142,HOU,SF,Wing,52,1909,3895,1356,281,229,43,47,166,0.555,0.404,26,255,302,80,0.085,0.738,558,0.594,0.529,0.321,0.404,6.6,27.4,8.1,42.2,0.34,1.5,14.7,19.3,1.1,2.3,13.3
1610612765,Kevin Huerter,1628989,DET,SF,Wing,48,1085,2360,496,176,119,38,27,51,0.634,0.306,25,151,232,110,0.26,0.755,81,0.191,0.469,0.548,0.306,-0.7,19.3,3.4,27.3,0.132,2.5,14.8,15.6,1.7,2.1,10.2
1610612762,Kevin Love,201567,UTA,PF,Forward,30,505,1098,208,172,52,9,8,24,0.48,0.374,48,124,115,28,0.17,0.393,22,0.133,0.591,0.697,0.374,1.1,16.8,3,24.5,0.23,10.2,26.8,13.9,0.8,1.5,11.7
1610612752,Kevin McCullar Jr.,1641755,NYK,SF,Forward,16,122,257,34,24,19,6,0,11,0.438,0.353,9,15,17,12,0.364,0.583,4,0.121,0,0.515,0.353,-7.8,15.9,3.7,26.2,0.152,7.9,13.7,19.8,2.4,0,23.8
1610612749,Kevin Porter Jr.,1629645,MIL,PG,Combo,30,1006,2072,531,150,230,66,13,92,0.518,0.32,25,125,126,116,0.292,0.612,156,0.393,0.449,0.315,0.32,0.4,24.6,9.2,41.8,0.312,2.8,14.1,33.4,3.2,1.3,16.8
1610612740,Kevon Looney,1626172,NOP,C,Big,18,251,528,52,96,25,6,9,8,0.512,0.111,42,54,9,32,0.615,0.656,11,0.212,0.091,0.173,0.111,-9.3,10.6,0.8,16.2,0.154,17.8,23.7,12.8,1.1,3.5,12.6
1610612762,Keyonte George,1641718,UTA,PG,Point,48,1629,3510,1141,187,313,52,14,158,0.515,0.375,23,164,320,116,0.148,0.724,346,0.442,0.445,0.409,0.375,5.1,27.6,10.4,45.2,0.436,1.5,11,29.4,1.5,0.8,14.5
1610612756,Khaman Maluach,1642863,PHX,C,Big,25,131,275,42,39,3,2,9,13,0.591,0,13,26,9,18,0.6,0.667,4,0.133,0.25,0.267,0,-5.2,17,0.9,20.5,0.333,11.1,19.8,3.5,0.9,7.5,25.9
1610612742,Khris Middleton,203114,DAL,SF,Forward,38,929,2013,415,153,123,29,9,63,0.475,0.33,35,118,114,48,0.145,0.562,173,0.524,0.451,0.33,0.33,-3,19.8,4.2,29.7,0.258,4,13.2,18.2,1.5,0.9,14.2
1610612742,Klay Thompson,202691,DAL,SF,Wing,51,1130,2516,587,122,69,27,15,49,0.418,0.374,14,108,389,33,0.062,0.545,113,0.214,0.381,0.723,0.374,-3,22.4,2.4,27.8,0.07,1.4,9.7,9.1,1.1,1.1,8.3
1610612754,Kobe Brown,1641738,IND,PF,Forward,39,427,887,151,87,32,13,3,20,0.537,0.305,32,55,63,41,0.363,0.634,13,0.115,0.231,0.522,0.305,-2.4,15.7,1.9,21.7,0.274,8.1,14.1,11.1,1.5,0.7,13
1610612747,Kobe Bufkin,1641723,LAL,SG,Combo,7,75,160,21,7,3,2,3,4,0.3,0.25,1,6,13,2,0.091,1,8,0.364,0.125,0.545,0.25,-16.1,17,0.5,20.4,0.182,1.7,9.6,5.4,1.4,4,14.4
1610612746,Kobe Sanders,1642920,LAC,SG,Combo,47,998,2066,324,120,81,27,6,62,0.496,0.37,23,97,128,49,0.186,0.714,88,0.333,0.375,0.481,0.37,-0.7,15.9,2.1,21.6,0.189,2.8,11.1,11.6,1.3,0.6,17.8
1610612756,Koby Brea,1642886,PHX,SG,Combo,4,17,36,13,2,2,0,0,0,NA,NA,0,2,6,NA,NA,NA,NA,NA,NA,NA,NA,28.9,15.5,NA,NA,0.4,0,14.2,18.7,0,0,0
1610612766,Kon Knueppel,1642851,CHA,SF,Wing,57,1831,3813,1097,315,202,40,13,127,0.562,0.433,70,245,455,136,0.18,0.632,172,0.228,0.506,0.592,0.433,8.7,22.2,6.2,33.9,0.212,4.4,14.7,17.2,1.1,0.7,13.1
1610612746,Kris Dunn,1627739,LAC,PG,Point,57,1581,3208,448,174,201,84,8,81,0.571,0.372,43,131,156,78,0.226,0.744,111,0.322,0.45,0.452,0.372,2.9,13,2.9,21.1,0.188,3.3,9.3,18.2,2.6,0.5,17.6
1610612757,Kris Murray,1631200,POR,SF,Combo,36,906,1950,214,139,43,42,14,32,0.598,0.256,61,78,79,79,0.451,0.658,18,0.103,0.333,0.446,0.256,-2.6,10.3,0.3,13.7,0.251,7.3,9.5,6.2,2.1,1.4,13.8
1610612744,Kristaps Porziņģis,204001,GSW,C,Big,18,430,932,303,88,47,9,23,18,0.531,0.363,21,67,91,45,0.205,0.6,83,0.379,0.494,0.416,0.363,3.4,26.5,5.9,37.3,0.37,5.2,17,16.6,1,4.8,6.6
1610612763,Kyle Anderson,203937,MEM,SF,Forward,24,491,1054,179,80,64,29,14,24,0.557,0.667,22,58,6,39,0.305,0.641,83,0.648,0.518,0.047,0.667,4.3,14.5,2.6,22.8,0.359,4.8,12.9,17.9,2.8,2.7,13.9
1610612762,Kyle Filipowski,1642271,UTA,C,Big,56,1245,2691,554,372,116,48,24,82,0.572,0.336,98,274,140,141,0.337,0.702,137,0.328,0.438,0.335,0.336,2,18.5,3.1,26.2,0.318,8.5,24.1,13.2,1.8,1.9,14.7
1610612749,Kyle Kuzma,1628398,MIL,PF,Forward,52,1385,2874,662,256,132,32,21,83,0.552,0.325,49,207,159,198,0.384,0.682,161,0.312,0.391,0.304,0.325,0.5,21.5,3.7,29.3,0.291,4.1,16.5,14.1,1.1,1.5,12.3
1610612755,Kyle Lowry,200768,PHI,PG,Point,7,63,140,12,4,8,2,1,2,0,0.3,0,4,10,0,0,0,0,0,0,1,0.3,-5.1,9.2,1.1,14.9,0.4,0,7.1,16,1.5,1.5,14.5
1610612764,Kyshawn George,1642273,WAS,SF,Forward,45,1333,2869,669,239,209,47,41,120,0.493,0.372,43,196,246,108,0.201,0.685,188,0.349,0.383,0.45,0.372,-0.5,22.5,6.3,35.1,0.219,3.4,15.7,23.1,1.7,2.7,16.9
1610612744,LJ Cryer,1643018,GSW,PG,Point,3,8,17,6,1,0,0,0,0,NA,NA,0,1,4,NA,NA,NA,NA,NA,NA,NA,NA,3.9,26.5,NA,NA,0,0,13.9,0,0,0,0
1610612766,LaMelo Ball,1630163,CHA,PG,Point,48,1332,2796,933,233,352,52,11,139,0.446,0.357,40,193,458,130,0.164,0.592,222,0.279,0.36,0.557,0.357,-3.3,31.9,14,55.6,0.152,3.4,15.8,44,1.9,0.7,14.1
1610612741,Lachlan Olbrich,1642950,CHI,C,Big,17,121,251,24,38,12,2,1,4,0.5,0.286,12,26,7,10,0.476,0.4,4,0.19,0.75,0.333,0.286,-8.9,10.2,1,16,0.476,10.8,22.8,12.3,0.8,0.7,13.6
1610612752,Landry Shamet,1629013,NYK,SG,Combo,33,736,1543,332,61,50,15,7,15,0.532,0.422,16,45,174,38,0.167,0.658,24,0.105,0.333,0.728,0.422,6.4,15.8,2.4,22.2,0.246,2.3,6.9,9.5,1,1,4.9
1610612739,Larry Nance Jr.,1626204,CLE,PF,Forward,26,334,715,89,69,25,15,4,12,0.422,0.32,23,46,50,33,0.347,0.515,12,0.126,0.167,0.526,0.32,-10.3,13.6,1,18.6,0.053,7.5,15,9.4,2.1,1.1,11
1610612762,Lauri Markkanen,1628374,UTA,PF,Forward,41,1410,3063,1094,286,87,40,21,61,0.556,0.363,82,204,314,214,0.274,0.706,254,0.325,0.429,0.402,0.363,4.9,28,4.4,36.5,0.332,6.3,15.8,10.1,1.3,1.5,6.4
1610612763,Lawson Lovering,1643133,MEM,C,Big,2,49,114,14,15,3,3,1,2,0.6,0,6,9,0,7,0.7,0.857,3,0.3,0,0,0,1.3,12,0,0,0.5,13.1,19.6,8.2,2.9,1.9,14.1
1610612747,LeBron James,2544,LAL,SF,Wing,38,1267,2660,824,216,270,42,22,115,0.575,0.306,25,191,175,212,0.353,0.745,219,0.364,0.411,0.283,0.306,2.1,28.3,9.8,45.7,0.338,2.4,17.4,34.2,1.6,1.6,14.2
1610612741,Leonard Miller,1631159,CHI,SF,Forward,22,107,248,49,28,6,5,0,9,0.792,0.083,7,21,12,18,0.5,0.833,6,0.167,0.667,0.333,0.083,3.3,19.7,1.6,23.2,0.333,7.3,21.1,7.9,2.2,0,17.9
1610612766,Liam McNeeley,1642862,CHA,SF,Wing,28,342,705,115,60,23,5,3,12,0.4,0.379,11,49,58,11,0.125,0.636,19,0.216,0.263,0.659,0.379,0.5,14,1.6,19.7,0.352,3.7,15.9,9,0.7,0.8,10.6
1610612759,Lindy Waters III,1630322,SAS,SG,Combo,28,191,408,54,21,11,4,0,4,0.571,0.319,2,19,47,3,0.056,0.333,4,0.074,0.75,0.87,0.319,-6.5,12.9,0.7,16.8,0.019,1.2,10.5,7.3,1,0,6.8
1610612739,Lonzo Ball,1628366,CLE,PG,Combo,35,728,1595,160,140,136,45,9,52,0.448,0.272,26,114,147,18,0.102,0.556,11,0.062,0.273,0.835,0.272,-12.9,13.6,2.8,23.3,0.119,3.9,17,22.5,2.9,1.2,21.9
1610612760,Luguentz Dort,1629652,OKC,SF,Forward,47,1310,2745,412,176,59,41,22,38,0.51,0.349,40,136,258,44,0.124,0.682,60,0.169,0.383,0.708,0.349,-2.4,13.9,0.7,17.5,0.107,3.5,11,5.7,1.5,1.7,8.8
1610612747,Luka Dončić,1629029,LAL,PG,Combo,44,1562,3286,1442,340,374,64,21,183,0.58,0.352,33,307,453,109,0.115,0.807,393,0.415,0.517,0.47,0.352,5.3,37.9,16.4,61.7,0.493,2.6,22.5,41.9,2,1.2,13.6
1610612738,Luka Garza,1630568,BOS,C,Big,47,753,1520,352,189,46,19,21,25,0.655,0.446,108,81,74,97,0.443,0.701,48,0.219,0.562,0.338,0.446,13,16.1,2.7,22.6,0.37,15.9,11.8,8.5,1.3,2.8,8.9
1610612747,Luke Kennard,1628379,LAL,SG,Combo,52,1079,2316,422,116,108,37,5,38,0.636,0.491,22,94,165,39,0.144,0.615,68,0.252,0.647,0.604,0.491,15.7,12.9,3.1,20,0.148,2.3,9.4,13.6,1.6,0.4,11.4
1610612759,Luke Kornet,1628436,SAS,C,Big,46,1035,2229,337,307,91,22,56,19,0.662,0,139,168,0,176,0.863,0.705,28,0.137,0.393,0,0,14.1,10.5,0,0,0.414,14.8,17.1,11.6,1,4.8,7.3
1610612739,Luke Travers,1631247,CLE,SG,Combo,12,103,226,28,24,9,7,4,3,0.4,0.062,9,15,16,15,0.417,0.467,5,0.139,0.2,0.444,0.062,-21.1,17.3,0.9,22.7,0.25,9.5,15.8,10.7,3.2,3.6,7
1610612741,Mac McClung,1630644,CHI,SG,Combo,4,47,101,23,5,2,5,2,3,0.538,0.167,0,5,12,8,0.32,0.75,5,0.2,0.2,0.48,0.167,-13.1,26.7,1.8,32.2,0.16,0,11.7,6.3,5.1,3.7,10.1
1610612764,Malaki Branham,1631103,WAS,SG,Combo,28,275,592,128,44,23,10,3,15,0.537,0.378,12,32,37,35,0.385,0.6,19,0.209,0.421,0.407,0.378,4.3,18.3,3.1,25.5,0.374,4.6,12.4,11.8,1.7,1,12.4
1610612744,Malevy Leons,1642502,GSW,SF,Forward,5,21,47,6,9,1,1,1,2,NA,NA,2,7,2,NA,NA,NA,NA,NA,NA,NA,NA,-12.5,17.9,NA,NA,0.333,10.4,37.2,6.3,2.3,4.3,22.5
1610612758,Malik Monk,1628370,SAC,SG,Combo,45,1001,2130,566,88,118,29,17,64,0.458,0.424,12,76,224,59,0.128,0.712,177,0.385,0.373,0.487,0.424,1.3,23.7,5.8,34.4,0.165,1.3,8.8,18.3,1.4,1.5,11.5
1610612755,MarJon Beauchamp,1630699,PHI,SF,Combo,2,36,82,18,7,5,3,1,3,0.429,0.429,1,6,7,4,0.286,0.75,3,0.214,0,0.5,0.429,1,22.1,5.3,31.3,0.286,3,18.7,20.5,4,2.6,16
1610612765,Marcus Sasser,1631204,DET,PG,Point,18,170,370,95,15,34,11,2,13,0.56,0.422,1,14,45,11,0.157,0.636,14,0.2,0.5,0.643,0.422,7.4,21.3,8.9,37,0.157,0.7,9,28.5,3.1,1.2,14.8
1610612747,Marcus Smart,203935,LAL,SG,Combo,46,1302,2727,440,134,131,56,17,73,0.517,0.33,30,104,217,55,0.155,0.673,88,0.248,0.42,0.597,0.33,-1,16,2.5,23,0.285,2.9,9.2,13.1,2.1,1.2,15.5
1610612749,Mark Sears,1641813,MIL,PG,Point,7,26,56,22,2,2,0,0,4,NA,NA,1,1,8,NA,NA,NA,NA,NA,NA,NA,NA,10.5,34.9,NA,NA,0.615,4.4,4.3,12.2,0,0,19.5
1610612756,Mark Williams,1631109,PHX,C,Big,53,1268,2679,632,428,55,50,48,55,0.647,1,165,263,1,267,0.686,0.723,121,0.311,0.479,0.003,1,12.2,17.2,1.7,22.2,0.404,13.7,23.8,6.7,1.9,3.7,10.5
1610612742,Marvin Bagley III,1628963,DAL,PF,Big,43,850,1834,444,264,61,23,32,46,0.63,0.435,118,146,23,187,0.668,0.701,70,0.25,0.443,0.082,0.435,9.3,19,2.7,25.5,0.407,14.8,17.7,11.1,1.3,3.4,12.2
1610612759,Mason Plumlee,203486,SAS,C,Big,14,125,263,26,40,16,6,0,9,0.75,0,10,30,0,11,0.917,0.818,1,0.083,0,0,0,19.1,8.9,0,0,1,9.2,26.6,16.6,2.4,0,34.2
1610612741,Matas Buzelis,1641824,CHI,PF,Forward,58,1642,3540,868,312,118,38,87,114,0.574,0.362,59,253,327,256,0.393,0.625,77,0.118,0.403,0.488,0.362,2.9,21.7,3.2,28.8,0.249,4,16.4,10.6,1.1,4.6,13.3
1610612757,Matisse Thybulle,1629680,POR,SG,Combo,6,73,165,28,9,4,14,0,5,0.4,0.5,2,7,11,4,0.267,0.5,1,0.067,0,0.667,0.5,14.8,13.7,1.4,17.8,0.4,0,10.8,8.9,10.1,0,14.5
1610612742,Max Christie,1631108,DAL,SG,Combo,51,1515,3240,679,172,118,28,18,57,0.528,0.426,10,162,293,85,0.175,0.706,112,0.23,0.393,0.595,0.426,6.5,16.5,2.7,23.2,0.204,0.7,11.1,10.7,0.9,1,9.3
1610612738,Max Shulga,1642917,BOS,SG,Point,1,2,4,0,0,0,0,0,0,NA,NA,0,0,0,NA,NA,NA,NA,NA,NA,NA,NA,-56.1,21.6,NA,NA,0,0,0,0,0,0,0
1610612747,Maxi Kleber,1628467,LAL,PF,Big,30,337,708,66,56,21,11,6,12,0.531,0.286,23,33,21,18,0.34,0.611,14,0.264,0.429,0.396,0.286,-2.7,9.6,0.3,13,0.377,8.4,11.3,7.5,1.6,1.7,16.3
1610612758,Maxime Raynaud,1642875,SAC,C,Big,50,1193,2521,505,344,56,25,24,49,0.587,0.256,93,251,43,113,0.29,0.726,233,0.599,0.519,0.111,0.256,3.1,17,1.4,21.6,0.221,8.5,24.3,7,1,1.8,10.3
1610612740,Micah Peavy,1642877,NOP,SG,Wing,46,693,1458,200,92,47,31,6,14,0.477,0.239,38,54,88,85,0.386,0.576,47,0.214,0.298,0.4,0.239,-12,14.5,0.9,19.6,0.068,5.8,8.6,9.1,2.1,0.8,5.8
1610612754,Micah Potter,1630695,IND,C,Big,25,483,1075,200,112,40,11,7,24,0.604,0.388,24,88,89,30,0.226,0.7,18,0.135,0.444,0.639,0.388,8.5,15.9,2.4,21.6,0.346,4.8,20.4,10.9,0.9,1.3,11.5
1610612751,Michael Porter Jr.,1629008,BKN,SF,Wing,44,1446,2952,1079,315,143,45,11,104,0.571,0.375,58,257,413,173,0.218,0.78,214,0.27,0.402,0.511,0.375,4.5,30.2,7,42.5,0.241,4.4,21.7,18.8,1.6,0.7,10.6
1610612752,Mikal Bridges,1628969,NYK,SF,Forward,58,1982,4101,906,241,234,82,46,62,0.596,0.383,60,181,319,167,0.234,0.778,236,0.331,0.466,0.436,0.383,4,17.5,4.3,27.2,0.098,3.3,10.3,16.7,2,2.3,7.3
1610612750,Mike Conley,201144,MIN,PG,Point,45,828,1777,195,79,130,26,12,27,0.326,0.321,15,64,133,16,0.092,0.438,27,0.155,0.259,0.753,0.321,-5.9,11.4,2.3,19.7,0.264,2.1,8.4,18.8,1.5,1.2,12.2
1610612766,Miles Bridges,1628970,CHA,PF,Forward,53,1707,3516,963,322,184,27,26,78,0.546,0.327,52,270,342,222,0.289,0.635,203,0.265,0.448,0.446,0.327,0.4,22.9,4.8,33.8,0.252,3.5,17.5,16.8,0.8,1.4,8.4
1610612742,Miles Kelly,1642939,DAL,PG,Combo,12,102,230,34,19,8,3,0,4,0.714,0.308,4,15,26,2,0.061,1,5,0.152,0.6,0.788,0.308,-4.6,15.2,1.4,19.7,0,4.2,15.1,10.6,1.4,0,10.8
1610612752,Miles McBride,1630540,NYK,SG,Combo,35,981,2025,451,91,97,30,6,28,0.462,0.42,22,69,243,34,0.094,0.618,85,0.235,0.4,0.671,0.42,3.1,17.7,3.8,26.5,0.119,2.4,7.9,13.6,1.5,0.6,6.8
1610612752,Mitchell Robinson,1629011,NYK,C,Big,41,802,1650,208,356,38,33,46,26,0.688,0,183,173,0,127,0.992,0.685,1,0.008,1,0,0,8.1,9.9,0,0,0.602,24.7,24.2,6.1,2,5.7,13.8
1610612761,Mo Bamba,1628964,TOR,C,Big,2,6,14,0,2,0,0,1,0,NA,NA,1,1,0,NA,NA,NA,NA,NA,NA,NA,NA,-56.1,14.2,NA,NA,0,18.4,18.8,0,0,16.4,0
1610612752,Mohamed Diawara,1642885,NYK,SF,Forward,47,331,708,125,55,26,12,5,15,0.537,0.413,10,45,63,25,0.24,0.52,16,0.154,0.562,0.606,0.413,2.5,15.6,2.2,21.5,0.058,3.3,15.2,10.6,1.8,1.5,12.3
1610612754,Monte Morris,1628420,IND,PG,Combo,6,65,144,18,7,9,1,1,2,0.417,0.25,1,6,8,6,0.3,0.667,6,0.3,0.167,0.4,0.25,-14.7,15.5,2,22.6,0.2,1.6,10.2,19.1,0.7,1.3,8.4
1610612753,Moritz Wagner,1629021,ORL,C,Big,16,197,420,147,48,12,11,1,10,0.549,0.425,11,37,40,31,0.341,0.71,20,0.22,0.3,0.44,0.425,8.2,26.5,4.6,35.1,0.407,5.9,21.8,9.8,2.3,0.5,7.7
1610612744,Moses Moody,1630541,GSW,SG,Wing,55,1389,2975,645,184,85,51,32,50,0.513,0.401,46,138,333,71,0.149,0.746,83,0.174,0.313,0.678,0.401,3.6,17.8,2.2,23.5,0.203,3.6,10.9,8.5,1.8,2.2,8.4
1610612737,Mouhamed Gueye,1631243,ATL,PF,Big,56,895,1907,262,198,54,46,29,28,0.553,0.289,68,130,98,82,0.358,0.72,50,0.218,0.28,0.424,0.289,-4.2,13.2,0.9,17.5,0.231,8.2,16.1,7.7,2.4,2.9,10
1610612742,Moussa Cisse,1630619,DAL,C,Big,30,359,778,111,134,7,10,34,22,0.609,0,55,79,0,62,0.899,0.645,7,0.101,0.286,0,0,3.2,13.5,0,0,0.812,16.6,22.7,2.6,1.3,7.9,19
1610612766,Moussa Diabaté,1631217,CHA,C,Big,50,1258,2554,411,431,78,33,49,46,0.633,0.5,183,248,2,186,0.735,0.71,65,0.257,0.415,0.008,0.5,9.6,12,1.1,17.1,0.538,16.8,21.8,8.7,1.3,3.5,12.8
1610612749,Myles Turner,1626167,MIL,C,Big,51,1452,3024,650,289,82,34,86,60,0.515,0.387,62,227,286,94,0.195,0.649,110,0.228,0.4,0.578,0.387,2.5,18.6,2.1,23.8,0.28,5,17.4,8,1.2,5.8,9.7
1610612748,Myron Gardner,1642066,MIA,SF,Wing,28,267,600,117,83,30,14,5,7,0.561,0.404,28,55,47,30,0.341,0.633,11,0.125,0.364,0.534,0.404,4.6,15.6,3.2,23.3,0.216,10.6,21.1,15,2.4,1.7,6.8
1610612737,N'Faly Dante,1642368,ATL,C,Big,4,15,33,3,7,0,2,0,1,NA,NA,3,4,0,NA,NA,NA,NA,NA,NA,NA,NA,-22.3,15.2,NA,NA,0.25,21.2,29.1,0,6.3,0,18.4
1610612739,Nae'Qwan Tomlin,1641772,CLE,PF,Forward,46,773,1633,294,142,42,34,28,17,0.638,0.225,65,77,90,128,0.531,0.688,24,0.1,0.375,0.369,0.225,-0.5,15.3,1.2,20.2,0.22,9,11,7.3,2.1,3.4,6
1610612742,Naji Marshall,1630230,DAL,SF,Wing,55,1627,3541,830,268,163,59,5,78,0.615,0.3,48,220,161,159,0.28,0.692,249,0.438,0.566,0.282,0.3,5.2,19.4,3.5,27.2,0.38,3.2,14.1,14.7,1.7,0.3,10.3
1610612750,Naz Reid,1629675,MIN,C,Big,57,1499,3217,814,366,143,58,54,92,0.576,0.387,66,300,359,110,0.169,0.727,180,0.277,0.483,0.553,0.387,3.2,21.8,4.3,30.6,0.133,4.9,21.6,13.8,1.8,3.2,11.8
1610612738,Neemias Queta,1629674,BOS,C,Big,53,1323,2656,516,440,79,47,69,59,0.65,0,158,282,5,224,0.667,0.732,107,0.318,0.477,0.015,0,9.4,14.7,1.5,20.3,0.339,13.1,23,8.3,1.8,5.1,12.9
1610612751,Nic Claxton,1629651,BKN,C,Big,51,1495,3042,641,373,203,37,63,71,0.602,0.214,130,243,15,262,0.604,0.702,158,0.364,0.437,0.032,0.214,4.7,17.4,2.7,26.6,0.422,9.6,19.7,22.4,1.2,4,12
1610612741,Nick Richards,1630208,CHI,C,Big,34,374,783,141,131,9,7,22,40,0.5,0.4,50,81,6,56,0.566,0.571,38,0.384,0.395,0.051,0.4,-0.5,18.7,1.1,23,0.455,13.8,23.3,3.6,1,5.5,23.7
1610612747,Nick Smith Jr.,1641733,LAL,SG,Combo,25,318,676,146,20,28,9,2,19,0.453,0.391,2,18,69,7,0.053,0.714,57,0.429,0.421,0.519,0.391,-3.1,21.4,3.3,28.7,0.083,0.8,6.5,12.7,1.4,0.6,12.1
1610612737,Nickeil Alexander-Walker,1629638,ATL,SG,Combo,57,1900,4158,1135,204,213,68,33,119,0.498,0.373,34,170,465,227,0.259,0.59,195,0.222,0.39,0.519,0.373,1.4,24.4,5.2,34.1,0.243,1.8,9.9,16.1,1.7,1.6,10.8
1610612746,Nicolas Batum,201587,LAC,PF,Forward,54,1038,2130,230,142,46,39,20,34,0.444,0.394,20,122,182,2,0.011,0.5,7,0.037,0.429,0.952,0.394,3.2,9.9,0.1,12.5,0.058,2.3,13.2,5.8,1.9,1.8,14.9
1610612756,Nigel Hayes-Davis,1628502,PHX,SF,Forward,27,195,406,34,33,7,8,2,8,0.433,0.125,12,21,16,4,0.087,0.5,26,0.565,0.423,0.348,0.125,-20.5,12.1,-0,15,0.087,6.6,12.3,4.6,2,1,14.3
1610612743,Nikola Jokić,203999,DEN,C,Big,42,1439,3075,1208,526,442,60,32,157,0.65,0.414,131,395,195,202,0.287,0.752,310,0.441,0.584,0.272,0.414,13.3,31.1,20.1,58.6,0.461,10.7,29.2,51.8,2,2,15.2
1610612748,Nikola Jović,1631107,MIA,PF,Big,45,791,1778,339,152,100,26,17,65,0.483,0.27,25,127,162,76,0.248,0.605,67,0.219,0.343,0.533,0.27,-7.6,21.2,3.4,30,0.331,3.2,16.4,16.6,1.5,1.9,15.7
1610612760,Nikola Topić,1642260,OKC,PG,Point,3,32,65,13,6,6,0,0,9,NA,NA,1,5,4,NA,NA,NA,NA,NA,NA,NA,NA,5,27.1,NA,NA,0,0,17.4,18.3,0,0,40
1610612738,Nikola Vučević,202696,BOS,C,Big,53,1607,3443,869,473,188,37,35,77,0.564,0.379,113,360,232,165,0.235,0.655,305,0.434,0.515,0.33,0.379,2.2,21.7,4.9,31.5,0.114,7.8,23.6,18.1,1.1,1.9,9.5
1610612758,Nique Clifford,1642363,SAC,SG,Wing,54,1166,2440,355,169,91,37,17,68,0.447,0.315,44,125,143,61,0.179,0.672,136,0.4,0.346,0.421,0.315,-7.7,15.9,1.6,21.8,0.179,4.1,12.4,10.6,1.5,1.3,15.6
1610612741,Noa Essengue,1642855,CHI,PF,Big,2,6,15,0,0,0,1,0,0,NA,NA,0,0,2,NA,NA,NA,NA,NA,NA,NA,NA,-56.1,21,NA,NA,0,0,0,0,7.9,0,0
1610612751,Noah Clowney,1641730,BKN,PF,Forward,50,1412,2890,638,211,88,38,37,85,0.517,0.32,48,163,323,80,0.162,0.588,98,0.198,0.459,0.64,0.32,-1.2,20.7,2.5,27.1,0.352,3.8,13.9,9.8,1.3,2.5,13
1610612753,Noah Penda,1642869,ORL,SF,Wing,40,530,1122,184,142,45,21,14,32,0.467,0.385,56,86,65,53,0.342,0.509,37,0.239,0.405,0.419,0.385,-2.7,16.3,2.2,22.8,0.252,11.6,18.3,11.8,1.9,2.4,15.7
1610612751,Nolan Traore,1642849,BKN,PG,Point,34,742,1504,267,52,122,20,12,63,0.444,0.333,8,44,99,64,0.277,0.469,71,0.307,0.423,0.416,0.333,-5.6,19.2,5.1,31.8,0.221,1.1,7.6,25.5,1.3,1.6,18.6
1610612748,Norman Powell,1626181,MIA,SG,Combo,47,1430,3168,1074,168,124,58,11,93,0.545,0.392,17,151,344,196,0.259,0.638,217,0.287,0.461,0.454,0.392,5.4,27.3,5.5,37.4,0.349,1.2,10.9,13.2,1.9,0.7,9.6
1610612752,OG Anunoby,1628384,NYK,PF,Forward,44,1459,3061,716,236,100,77,33,87,0.572,0.359,62,174,249,202,0.383,0.678,81,0.153,0.309,0.464,0.359,3.5,20.2,2.9,27.2,0.282,4.6,13.1,9.7,2.6,2.2,12.7
1610612754,Obi Toppin,1630167,IND,PF,Forward,3,82,177,42,20,5,3,0,6,0.632,0.176,3,17,17,12,0.333,0.667,7,0.194,0.571,0.472,0.176,-3.5,23.7,2.3,29.8,0.25,3.8,22.9,9.4,1.7,0,13.1
1610612751,Ochai Agbaji,1630534,BKN,SG,Combo,46,720,1500,204,106,36,17,14,22,0.549,0.216,36,70,77,92,0.492,0.609,21,0.112,0.286,0.396,0.216,-6.8,13.4,0.7,17.4,0.166,5.6,11.1,6.7,1.2,1.8,9.5
1610612763,Olivier-Maxence Prosper,1641765,MEM,PF,Forward,31,453,1002,217,91,24,14,5,24,0.595,0.4,27,64,60,58,0.403,0.707,26,0.181,0.346,0.417,0.4,8.9,17.4,2,22.3,0.361,6.4,15.1,7.5,1.5,1,12.6
1610612737,Onyeka Okongwu,1630168,ATL,C,Big,53,1684,3681,855,409,168,59,53,101,0.568,0.382,99,310,282,176,0.275,0.705,185,0.289,0.438,0.437,0.382,3.6,20.3,3.9,28.3,0.224,6.2,19.9,14.3,1.7,2.8,12.3
1610612753,Orlando Robinson,1631115,ORL,C,Big,4,25,49,7,4,3,1,0,0,NA,NA,2,2,2,NA,NA,NA,NA,NA,NA,NA,NA,13.9,8.5,NA,NA,0,8.8,9,16.5,1.9,0,0
1610612762,Oscar Tshiebwe,1631131,UTA,C,Big,4,44,92,8,15,5,1,0,1,0.5,0,6,9,0,6,0.75,0.667,2,0.25,0,0,0,-8.7,8.8,0,0,0.125,14.7,22.4,14.5,1.1,0,10.6
1610612756,Oso Ighodaro,1642345,PHX,PF,Big,58,1166,2389,330,266,108,55,34,75,0.636,0,89,177,1,124,0.541,0.798,104,0.454,0.442,0.004,0,6.4,12.2,1.3,18.5,0.314,8.2,17.4,12.5,2.3,2.8,21.4
1610612749,Ousmane Dieng,1631172,MIL,C,Big,32,396,819,148,64,35,4,12,13,0.5,0.409,9,55,68,12,0.098,0.667,44,0.361,0.455,0.541,0.409,1.6,15.7,2.6,22.8,0.115,2.7,13.9,12.4,0.5,3.1,7.2
1610612742,P.J. Washington,1629023,DAL,PF,Forward,41,1269,2753,586,293,77,41,52,79,0.511,0.307,59,234,167,145,0.301,0.628,174,0.361,0.414,0.338,0.307,-3.9,21,2.2,26.8,0.272,4.9,19,8.7,1.5,3.4,12.6
1610612766,PJ Hall,1641790,CHA,C,Big,19,213,450,86,75,10,3,10,16,0.54,0.6,33,42,5,40,0.727,0.6,10,0.182,0.3,0.091,0.6,6.7,17.3,1.6,22.3,0.491,17.4,22.4,6.6,0.5,4.6,17.3
1610612752,Pacôme Dadiet,1642359,NYK,SG,Combo,20,68,146,13,14,9,3,0,0,0.4,0.125,2,12,8,2,0.154,1,3,0.231,0,0.615,0.125,-14.5,9.8,0.9,16,0.462,3.2,19.8,15.7,2.2,0,0
1610612753,Paolo Banchero,1631094,ORL,PF,Forward,46,1597,3343,988,388,228,31,32,129,0.495,0.316,50,338,172,235,0.327,0.66,313,0.435,0.371,0.238,0.316,-0.4,27.2,6.7,40.4,0.485,3.5,23.9,22.1,1,1.8,12.7
1610612754,Pascal Siakam,1627783,IND,PF,Forward,52,1752,3748,1241,351,204,57,23,116,0.521,0.369,80,271,255,251,0.265,0.681,444,0.469,0.43,0.266,0.369,-0.1,29.3,6.7,41.4,0.323,4.8,17,20.6,1.6,1.1,9.3
1610612766,Pat Connaughton,1626192,CHA,SG,Combo,24,186,381,70,38,15,5,1,5,0.632,0.414,9,29,30,13,0.271,0.615,6,0.125,0.667,0.604,0.414,7.2,14.1,2.4,20.8,0.271,4.6,17.7,12.2,1.4,0.5,8.5
1610612744,Pat Spencer,1630311,GSW,PG,Combo,41,654,1361,254,92,135,29,2,47,0.448,0.4,30,62,82,42,0.187,0.619,103,0.458,0.379,0.356,0.4,-3.6,19,6.9,33.7,0.151,5.1,10.9,29.3,2.1,0.3,15.8
1610612758,Patrick Baldwin Jr.,1631116,SAC,SF,Wing,3,15,31,10,2,0,0,0,1,NA,NA,0,2,3,NA,NA,NA,NA,NA,NA,NA,NA,46.4,18.7,NA,NA,0.5,0,16.1,0,0,0,17
1610612741,Patrick Williams,1630172,CHI,PF,Forward,54,1048,2290,375,159,76,35,16,48,0.391,0.38,40,119,191,79,0.232,0.494,77,0.226,0.286,0.541,0.38,-5.6,16.8,1.7,21.9,0.141,4.3,12.3,8.9,1.6,1.3,11.5
1610612755,Paul George,202331,PHI,PF,Forward,27,824,1708,431,139,100,40,13,44,0.464,0.382,14,125,173,50,0.141,0.56,131,0.37,0.427,0.489,0.382,-0.5,22.2,5.3,33.5,0.215,1.8,17.1,18.3,2.4,1.5,10.2
1610612765,Paul Reed,1630194,DET,C,Big,40,534,1139,273,177,50,37,29,38,0.64,0.37,76,101,27,99,0.518,0.737,65,0.34,0.492,0.141,0.37,7.7,19.5,3.7,28,0.272,16,20.7,13.8,3.3,5.4,15.1
1610612738,Payton Pritchard,1630202,BOS,PG,Point,55,1803,3638,969,231,298,42,5,71,0.575,0.361,49,182,402,86,0.113,0.686,283,0.371,0.541,0.516,0.361,2,21.4,7.2,35.9,0.136,2.9,11.1,23.9,1.2,0.3,7.7
1610612748,Pelle Larsson,1641796,MIA,SG,Wing,47,1144,2539,483,157,154,33,11,55,0.603,0.323,38,119,130,130,0.372,0.731,89,0.255,0.416,0.372,0.323,3.9,16.2,3.6,25.2,0.35,3.4,10.6,17.8,1.3,0.9,12
1610612749,Pete Nance,1631250,MIL,PF,Forward,25,274,564,125,52,16,7,5,11,0.694,0.532,12,40,49,25,0.301,0.8,11,0.133,0.455,0.566,0.532,19.2,15.5,2.6,21,0,5.1,16.6,8.9,1.3,1.8,11.7
1610612743,Peyton Watson,1631212,DEN,SF,Forward,49,1502,3101,731,240,96,50,58,86,0.537,0.417,45,195,180,171,0.321,0.661,181,0.34,0.42,0.338,0.417,3.9,20.2,2.9,26.9,0.331,3.6,14,9,1.6,3.6,12.4
1610612758,Precious Achiuwa,1630173,SAC,C,Forward,50,1027,2153,371,274,60,45,28,35,0.553,0.304,92,182,56,143,0.463,0.65,110,0.356,0.427,0.181,0.304,-1.9,15.6,1.3,20.6,0.246,9.7,20.5,8.4,2.1,2.5,9.3
1610612755,Quentin Grimes,1629656,PHI,SG,Wing,51,1516,3201,653,186,185,46,21,94,0.567,0.342,31,155,274,146,0.313,0.692,55,0.118,0.236,0.57,0.342,3,17.9,4,27.3,0.336,2.2,11.5,16.9,1.5,1.3,14.8
1610612754,Quenton Jackson,1631245,IND,PG,Point,28,460,1022,248,59,61,18,5,35,0.551,0.397,18,41,67,54,0.335,0.741,44,0.273,0.318,0.391,0.397,5.8,21.8,5.5,31.4,0.429,4.1,9.6,19.4,2,1,15.1
1610612744,Quinten Post,1642366,GSW,PF,Big,56,957,2047,422,216,79,23,26,41,0.605,0.35,54,162,236,57,0.159,0.684,67,0.187,0.537,0.654,0.35,0.6,18.6,2.7,25.1,0.089,6.1,18.7,11.7,1.2,2.5,9.7
1610612761,RJ Barrett,1629628,TOR,SF,Combo,33,966,2048,595,174,117,28,9,55,0.555,0.342,30,144,164,152,0.344,0.664,129,0.292,0.426,0.364,0.342,1.4,25.7,5.8,36.6,0.355,3.5,16.6,18.8,1.3,0.9,9.6
1610612756,Rasheer Fleming,1642853,PHX,PF,Forward,32,243,505,86,44,7,8,7,12,0.474,0.245,23,21,52,26,0.299,0.615,12,0.138,0.167,0.563,0.245,-12.1,19.3,0.8,22.7,0.128,11.1,10.3,4.4,1.3,3,9.9
1610612737,RayJ Dennis,1642484,ATL,PG,Point,15,177,388,64,23,30,4,4,15,0.294,0.308,8,15,39,10,0.137,0.4,24,0.329,0.25,0.534,0.308,-14.5,22,4.3,32.6,0.123,4.7,9.4,23.5,1.1,1.9,16.3
1610612763,Rayan Rupert,1641712,MEM,SG,Combo,48,577,1227,137,86,34,29,2,28,0.408,0.31,23,63,71,36,0.245,0.528,40,0.272,0.3,0.483,0.31,-11.4,12.7,0.6,17.3,0.095,4.2,12,7.8,2.4,0.3,15.5
1610612745,Reed Sheppard,1642263,HOU,SG,Combo,55,1355,2796,694,143,165,77,32,73,0.481,0.385,18,125,340,66,0.11,0.561,196,0.326,0.454,0.565,0.385,-1,21.8,5.3,33.3,0.103,1.5,10.2,17.9,2.8,2.2,10.4
1610612739,Riley Minix,1642434,CLE,SF,Forward,3,8,21,9,2,1,1,0,0,NA,NA,1,1,3,NA,NA,NA,NA,NA,NA,NA,NA,18.9,31.6,NA,NA,0,13.8,13.1,32.1,6,0,0
1610612741,Rob Dillingham,1642265,CHI,PG,Point,41,442,966,168,58,77,28,3,48,0.36,0.325,9,49,42,51,0.29,0.431,85,0.483,0.318,0.227,0.325,-13.7,23.7,5,34.9,0.165,2.1,11.8,23.5,3,0.6,19.9
1610612757,Robert Williams III,1629057,POR,C,Big,40,647,1390,251,254,44,24,58,30,0.786,0.438,80,174,17,108,0.735,0.833,23,0.156,0.565,0.109,0.438,21.4,12,1.7,17.5,0.19,13.1,29.7,10.3,1.7,7.9,15.4
1610612750,Rocco Zikarsky,1642911,MIN,SF,Wing,1,4,9,0,1,0,0,0,0,NA,NA,0,1,0,NA,NA,NA,NA,NA,NA,NA,NA,-3.1,19.5,NA,NA,0.095,6.5,9.5,9.5,1.4,1.8,10.6
1610612738,Ron Harper Jr.,1631199,BOS,SF,Wing,12,119,240,35,23,9,1,5,1,0.571,0.286,10,13,28,3,0.086,0.667,4,0.114,0.5,0.8,0.286,-10.1,13.5,1.2,19.5,0.057,9.4,12,9.7,0.4,4.3,2.7
1610612765,Ronald Holland II,1641842,DET,SF,Forward,51,1045,2223,414,219,73,69,18,70,0.533,0.231,52,167,134,128,0.357,0.656,97,0.27,0.371,0.373,0.231,-4.8,18.7,1.9,25.2,0.284,5.6,17.5,9.3,3.2,1.7,14.8
1610612756,Royce O'Neale,1626220,PHX,SF,Wing,58,1711,3605,583,287,165,68,19,87,0.495,0.402,47,240,398,42,0.087,0.619,49,0.101,0.388,0.812,0.402,2.5,14.6,2.5,21.6,0.058,2.9,15.9,13.3,2,1,14.6
1610612750,Rudy Gobert,203497,MIN,C,Big,55,1721,3648,615,619,91,41,90,73,0.712,0,212,407,3,300,0.847,0.76,51,0.144,0.431,0.008,0,11.5,12.9,1.1,17.1,0.647,13.7,25.5,7.1,1.1,4.6,13.8
1610612747,Rui Hachimura,1629060,LAL,PF,Forward,46,1361,2876,542,159,42,25,13,34,0.558,0.445,28,131,186,83,0.201,0.639,148,0.358,0.514,0.441,0.445,5.7,15.2,0.7,18.2,0.119,2.5,11.1,4.4,0.9,0.9,7.3
1610612758,Russell Westbrook,201566,SAC,SF,Wing,54,1559,3319,808,299,345,70,9,185,0.5,0.341,72,227,320,143,0.204,0.643,237,0.339,0.414,0.457,0.341,-3.2,25.9,9,42.8,0.207,5,16.8,33.7,2.2,0.5,19.5
1610612756,Ryan Dunn,1642346,PHX,SF,Forward,51,1009,2063,296,213,77,43,23,46,0.535,0.32,74,139,129,102,0.379,0.627,42,0.156,0.31,0.465,0.32,-4.5,14.2,1.5,20.4,0.134,8,15.6,10.4,2.1,2.3,13.6
1610612766,Ryan Kalkbrenner,1641750,CHA,C,Big,46,1067,2260,384,283,35,27,69,47,0.766,0,122,161,2,176,0.834,0.795,33,0.156,0.606,0.009,0,20,11.8,0.9,15.1,0.403,12.9,16.4,4.5,1.3,5.7,15.9
1610612742,Ryan Nembhard,1642948,DAL,PG,Point,38,713,1505,253,68,186,10,1,55,0.456,0.379,8,60,87,23,0.094,0.696,135,0.551,0.415,0.355,0.379,-5.6,18,7.7,35.1,0.053,1.2,8.7,36.2,0.7,0.1,18
1610612749,Ryan Rollins,1631157,MIL,PG,Point,53,1700,3509,908,246,285,80,23,129,0.506,0.416,43,203,317,193,0.265,0.622,224,0.308,0.406,0.426,0.416,1.3,23.8,8,38.1,0.142,2.9,13,26,2.3,1.3,13.8
1610612740,Saddiq Bey,1630180,NOP,SF,Forward,51,1557,3316,853,297,126,48,3,40,0.52,0.352,80,217,281,212,0.325,0.613,159,0.244,0.396,0.431,0.352,1.5,21,3.4,28.8,0.307,5.5,15.4,11.9,1.5,0.2,5.1
1610612738,Sam Hauser,1630573,BOS,PF,Forward,53,1283,2625,486,201,78,31,17,27,0.508,0.398,35,166,348,16,0.04,0.812,43,0.107,0.395,0.853,0.398,2.8,14.9,1.7,20.2,0.03,3.1,13.9,8,1.2,1.4,6.2
1610612739,Sam Merrill,1630241,CLE,SG,Combo,34,861,1859,454,79,75,19,5,29,0.554,0.469,23,56,249,25,0.085,0.84,31,0.105,0.323,0.81,0.469,13.2,17.1,3.8,24.8,0.139,2.9,7.1,12.3,1.1,0.6,8.5
1610612761,Sandro Mamukelashvili,1630572,TOR,C,Big,55,1238,2609,626,275,107,41,33,47,0.645,0.384,82,193,206,159,0.368,0.73,75,0.174,0.467,0.458,0.384,7.7,18.4,3.5,26.2,0.245,7.4,17.7,12.4,1.6,2.7,8.9
1610612763,Santi Aldama,1630583,MEM,PF,Forward,43,1198,2589,602,287,126,37,31,55,0.572,0.35,67,220,200,121,0.254,0.711,155,0.326,0.465,0.42,0.35,1.1,20.1,3.9,28.9,0.239,6,19.6,15.6,1.5,2.4,9.5
1610612757,Scoot Henderson,1630703,POR,PG,Point,6,130,297,78,17,31,3,1,22,0.571,0.385,3,14,32,7,0.175,0.714,7,0.175,0.429,0.65,0.385,9.6,27.6,11,45.3,0.625,2.1,12,36.8,1.4,0,26.1
1610612761,Scottie Barnes,1630567,TOR,PF,Big,55,1890,3989,1057,463,308,72,87,149,0.552,0.299,118,345,164,295,0.36,0.695,361,0.44,0.435,0.2,0.299,1.4,24.1,6.4,37.2,0.276,6.9,20.6,24.9,1.9,4.5,13.9
1610612763,Scotty Pippen Jr.,1630590,MEM,PG,Point,4,81,180,50,6,19,8,3,8,0.52,0.429,3,3,14,11,0.282,0.545,14,0.359,0.5,0.359,0.429,2.7,25.8,11.4,44.1,0.205,4,4,37.1,4.7,3.4,15.8
1610612744,Seth Curry,203552,GSW,SG,Combo,2,32,72,14,4,3,2,0,0,0.8,0.5,1,3,4,1,0.111,1,4,0.444,0.75,0.444,0.5,21.7,11.9,2.7,17.5,0,3.4,10.5,14.1,3,0,0
1610612757,Shaedon Sharpe,1631101,POR,SG,Combo,48,1439,3111,1025,212,126,68,6,144,0.518,0.34,48,164,297,256,0.302,0.699,294,0.347,0.361,0.351,0.34,-1.1,30.2,5.4,41.5,0.229,3.5,12.5,15.1,2.2,0.4,13.4
1610612760,Shai Gilgeous-Alexander,1628983,OKC,PG,Point,49,1632,3491,1558,218,314,64,38,103,0.603,0.39,27,191,223,247,0.256,0.709,494,0.512,0.551,0.231,0.39,10.9,33.6,13.9,52.9,0.469,1.9,12.2,34.2,1.9,2.3,8.1
1610612764,Sharife Cooper,1630536,WAS,PG,Point,15,244,515,105,38,38,6,2,26,0.612,0.375,7,31,26,24,0.329,0.833,25,0.342,0.4,0.329,0.375,5.2,19.4,5.8,31.2,0.164,2.8,13.9,22.9,1.1,0.8,24.2
1610612757,Sidy Cissoko,1631321,POR,SF,Wing,52,1146,2451,326,131,79,42,18,55,0.534,0.325,51,80,167,64,0.238,0.688,39,0.145,0.282,0.617,0.325,-2.4,12.7,1.1,17.9,0.275,4.8,7.8,9,1.7,1.4,15.2
1610612748,Simone Fontecchio,1631323,MIA,SF,Forward,55,937,2053,465,176,83,29,9,42,0.47,0.36,45,131,268,73,0.191,0.562,42,0.11,0.31,0.699,0.36,-0.7,19.9,3.2,27.8,0.217,4.9,14.3,11.9,1.4,0.9,9.1
1610612766,Sion James,1642883,CHA,SG,Combo,58,1385,2856,322,205,115,33,18,52,0.4,0.368,36,169,157,76,0.292,0.474,29,0.112,0.207,0.596,0.368,-1.4,10.6,1.1,16.1,0.3,2.9,13.4,10.9,1.2,1.2,14.5
1610612764,Skal Labissiere,1627746,WAS,PF,Big,3,38,77,13,9,3,2,1,1,1,0.2,3,6,5,2,0.2,1,3,0.3,1,0.5,0.2,8.9,12,1.6,18.4,0,8.2,16.8,11.2,2.5,2.3,9.1
1610612743,Spencer Jones,1642461,DEN,SF,Forward,49,1145,2348,288,157,42,43,22,27,0.635,0.417,55,102,121,61,0.298,0.656,24,0.117,0.583,0.585,0.417,7.5,9.7,0.1,12.2,0.22,5.8,9.5,4.6,1.8,1.8,10.7
1610612759,Stanley Umude,1630649,SAS,SG,Combo,2,7,14,2,0,1,1,0,0,NA,NA,0,0,1,NA,NA,NA,NA,NA,NA,NA,NA,-6.1,12,NA,NA,0,0,0,19.1,6.8,0,0
1610612744,Stephen Curry,201939,GSW,PG,Point,39,1222,2648,1061,138,189,44,16,111,0.584,0.391,16,122,448,115,0.155,0.696,181,0.243,0.514,0.602,0.391,7.5,32.7,10.7,48.7,0.274,1.4,11.1,27.4,1.7,1.2,11.7
1610612759,Stephon Castle,1642264,SAS,PG,Combo,46,1373,2928,766,232,314,61,16,154,0.547,0.291,58,174,165,209,0.376,0.632,182,0.327,0.451,0.297,0.291,0.8,25.4,8.8,42.6,0.476,4.6,13.3,32.8,2.1,1,18.6
1610612745,Steven Adams,203500,HOU,C,Big,32,730,1495,187,276,48,22,20,35,0.504,0,145,131,0,105,0.755,0.562,34,0.245,0.324,0,0,-2.6,12.1,0,0,0.583,22,19.8,8.5,1.5,2.5,16.7
1610612762,Svi Mykhailiuk,1629004,UTA,SF,Combo,45,1071,2309,406,113,85,23,3,38,0.625,0.397,30,83,204,60,0.19,0.7,52,0.165,0.538,0.646,0.397,6,14.1,2.1,20,0.079,3,8.5,10.8,1,0.3,10.4
1610612754,T.J. McConnell,204456,IND,PG,Point,41,695,1513,392,90,194,46,8,51,0.567,0.325,17,73,40,56,0.166,0.714,242,0.716,0.533,0.118,0.325,0.7,24.1,9.5,42.6,0.047,2.6,11.6,49,3.1,1,12.9
1610612754,Taelon Peter,1643007,IND,SG,Combo,26,258,567,86,35,28,14,2,15,0.667,0.319,6,29,72,6,0.074,0.833,3,0.037,0.333,0.889,0.319,-5.7,16.5,2.3,23.1,0.123,2.4,12.4,15.1,2.6,0.7,14.9
1610612745,Tari Eason,1631106,HOU,PF,Forward,33,856,1763,394,205,49,43,17,51,0.448,0.444,65,140,160,95,0.284,0.621,79,0.237,0.241,0.479,0.444,0.1,19.7,2.6,26.7,0.111,8.4,18,8.2,2.5,1.8,12.7
1610612749,Taurean Prince,1627752,MIL,SF,Wing,8,169,369,49,13,8,6,2,5,0.5,0.429,0,13,28,5,0.132,0.6,5,0.132,0.4,0.737,0.429,6.2,11.6,0.4,13.9,0.079,0,8.6,6.2,1.7,1.2,11.3
1610612763,Taylor Hendricks,1641707,MEM,PF,Big,39,628,1362,212,128,31,20,9,27,0.536,0.337,37,91,92,55,0.312,0.655,29,0.165,0.31,0.523,0.337,-2.1,14.7,0.9,18.8,0.261,6.3,15.8,6.6,1.5,1.4,12.1
1610612751,Terance Mann,1629611,BKN,SG,Combo,49,1226,2500,365,158,159,36,12,58,0.523,0.353,56,102,123,91,0.313,0.659,81,0.278,0.37,0.409,0.353,-0.2,13.6,3,22.2,0.226,5.1,10.2,19.6,1.5,0.9,15.1
1610612750,Terrence Shannon Jr.,1630545,MIN,SG,Wing,23,300,647,106,28,14,7,1,15,0.386,0.405,6,22,38,29,0.358,0.552,15,0.185,0.067,0.457,0.405,-2.3,16,1,19.9,0.333,2.4,8.4,6.4,1.2,0.3,13.9
1610612749,Thanasis Antetokounmpo,203648,MIL,SF,Forward,21,64,137,27,15,3,6,3,3,0.571,0,8,7,1,12,0.8,0.583,2,0.133,0.5,0.067,0,1.8,17.8,1.3,21,0.867,13.6,13.2,7,5,5,12.6
1610612739,Thomas Bryant,1628418,CLE,C,Big,40,424,918,206,117,26,10,18,17,0.667,0.347,34,83,75,50,0.34,0.72,22,0.15,0.545,0.51,0.347,6.8,17.7,2.3,23.4,0.259,8.7,21.3,8.4,1.1,4,9.4
1610612766,Tidjane Salaün,1642275,CHA,PF,Forward,35,570,1164,222,149,27,16,7,25,0.581,0.425,26,123,82,53,0.344,0.679,21,0.136,0.333,0.519,0.425,6.6,14.9,1.5,19.9,0.234,5.5,24.4,6.7,1.3,1.1,12.8
1610612743,Tim Hardaway Jr.,203501,DEN,SG,Combo,57,1551,3255,792,147,74,31,8,29,0.562,0.409,10,137,396,51,0.091,0.608,118,0.211,0.542,0.697,0.409,7.2,18.5,2.1,23.4,0.245,0.8,9.6,6.7,1,0.5,4.2
1610612765,Tobias Harris,202699,DET,PF,Forward,39,1095,2316,526,197,92,36,10,43,0.511,0.35,36,161,157,86,0.203,0.535,180,0.426,0.5,0.371,0.35,0.1,19.3,3.1,27.3,0.243,3.7,16.1,11.6,1.6,0.9,8.4
1610612765,Tolu Smith,1642449,DET,PF,Big,7,88,178,33,33,6,2,5,5,0.476,0,13,20,0,15,0.714,0.6,6,0.286,0.167,0,0,1,15.9,0,0,0.857,16.6,24.9,8.7,1.1,5.7,14.7
1610612754,Tony Bradley,1628396,IND,C,Big,38,416,882,151,107,20,6,7,17,0.558,0.5,56,51,2,62,0.585,0.645,42,0.396,0.429,0.019,0.5,4.3,14.4,1.1,18.6,0.406,14.1,13.6,7,0.7,1.4,12
1610612766,Tosan Evbuomwan,1641787,CHA,SF,Wing,5,8,18,0,2,0,0,0,0,NA,NA,1,1,0,NA,NA,NA,NA,NA,NA,NA,NA,-56.1,5.3,NA,NA,0,13.6,14,0,0,0,0
1610612757,Toumani Camara,1641739,POR,PF,Forward,58,1934,4124,756,311,147,58,26,114,0.585,0.367,100,211,409,122,0.202,0.705,78,0.129,0.397,0.668,0.367,1.6,16.1,2.3,22.9,0.159,5.4,11.8,10.7,1.4,1.2,15
1610612764,Trae Young,1629027,WAS,PG,Point,10,280,639,193,15,89,10,1,26,0.5,0.305,0,15,59,25,0.185,0.6,51,0.378,0.451,0.437,0.305,1.6,28.8,12.5,49.6,0.541,0,5.9,45.8,1.7,0.3,13.5
1610612761,Trayce Jackson-Davis,1631218,TOR,C,Big,39,439,946,162,126,34,15,21,20,0.575,1,56,70,1,89,0.832,0.629,17,0.159,0.294,0.009,1,3.5,14.9,1.4,20.1,0.579,14,17.7,11,1.7,4.2,12.4
1610612764,Tre Johnson,1642848,WAS,SG,Combo,43,1056,2296,550,117,92,27,14,59,0.502,0.379,23,94,230,42,0.094,0.571,177,0.397,0.486,0.509,0.379,0.5,21.4,3.6,29.3,0.152,2.3,9.6,12.7,1.2,1.2,10.5
1610612741,Tre Jones,1630200,CHI,PG,Point,41,1091,2398,497,117,237,53,8,54,0.606,0.333,25,92,67,169,0.533,0.686,82,0.259,0.439,0.208,0.333,8.4,17,6.1,30.2,0.445,2.4,9.2,30.6,2.3,0.6,12.3
1610612766,Tre Mann,1630544,CHA,PG,Point,37,595,1211,257,82,78,20,4,48,0.395,0.333,20,62,138,40,0.154,0.5,84,0.324,0.345,0.521,0.333,-9.3,23.2,4.8,35.1,0.081,4,11.9,19.2,1.5,0.6,15.2
1610612755,Trendon Watford,1630570,PHI,PF,Forward,34,549,1180,203,111,87,9,10,37,0.534,0.333,26,85,30,66,0.41,0.606,65,0.404,0.462,0.186,0.333,-0,16.9,4,26.8,0.28,5.1,17.7,22.3,0.8,1.7,17
1610612741,Trentyn Flowers,1642280,CHI,SF,Wing,2,6,11,4,1,1,0,0,1,NA,NA,1,0,1,NA,NA,NA,NA,NA,NA,NA,NA,10.6,28.1,NA,NA,0,18.1,0,30.5,0,0,25
1610612748,Trevor Keels,1631211,MIA,SG,Wing,1,2,7,0,1,0,0,0,0,NA,NA,0,1,2,NA,NA,NA,NA,NA,NA,NA,NA,-56.1,40.4,NA,NA,0,0,51.2,0,0,0,0
1610612740,Trey Alexander,1641725,NOP,SG,Combo,5,42,85,14,4,5,1,1,1,0.667,0.667,0,4,3,2,0.222,0.5,4,0.444,0.75,0.333,0.667,21.7,10,4,19,0,0,10.5,16.4,1.1,2.3,10
1610612752,Trey Jemison III,1641998,NYK,C,Big,10,57,123,9,15,2,1,2,5,0.571,0,7,8,0,3,0.429,1,4,0.571,0.25,0,0,4.4,9.3,0,0,0.143,13.3,15.7,4.3,0.9,3.5,40.2
1610612740,Trey Murphy III,1630530,NOP,SF,Wing,52,1853,3948,1149,297,199,78,16,95,0.586,0.378,55,242,445,229,0.27,0.747,174,0.205,0.374,0.525,0.378,5.5,23.2,5.4,33.7,0.229,3.2,14.4,16.5,2,0.8,9.2
1610612739,Tristan Enaruna,1642400,CLE,SF,Forward,4,23,45,8,7,2,0,0,1,NA,NA,5,2,2,NA,NA,NA,NA,NA,NA,NA,NA,-13.7,18.9,NA,NA,0.111,23.7,9.5,11.9,0,0,9.6
1610612764,Tristan Vukcevic,1641774,WAS,C,Big,35,431,959,275,94,39,16,25,39,0.615,0.272,22,72,81,53,0.261,0.774,69,0.34,0.493,0.399,0.272,2.1,26.6,4.2,34.8,0.374,5.3,17.8,14.2,1.8,5.1,14.2
1610612753,Tristan da Silva,1641783,ORL,SF,Wing,51,1157,2440,441,171,63,42,16,40,0.489,0.368,36,135,207,76,0.201,0.605,102,0.269,0.402,0.53,0.368,-2,16.4,1.4,21.1,0.1,3.4,13.4,7.7,1.8,1.3,9.2
1610612763,Ty Jerome,1629660,MEM,SG,Combo,7,144,298,135,19,40,9,2,12,0.614,0.395,6,13,43,12,0.138,0.583,32,0.368,0.625,0.494,0.395,9.8,32.9,20.4,63,0.402,4.5,9.6,49.6,3,1.3,10.5
1610612746,TyTy Washington Jr.,1631102,LAC,PG,Point,5,40,75,17,2,9,4,2,1,0.667,0.5,1,1,6,2,0.167,1,4,0.333,0.5,0.5,0.5,14.7,14.5,10.6,33.9,0,3,2.8,34.9,5,4.8,7.7
1610612748,Tyler Herro,1629639,MIA,SG,Combo,13,395,873,279,61,39,12,5,21,0.57,0.36,7,54,75,35,0.167,0.629,100,0.476,0.55,0.357,0.36,4.3,25.8,5.3,36.1,0.229,1.8,14,15.4,1.4,1.1,8.3
1610612752,Tyler Kolek,1642278,NYK,PG,Combo,48,636,1344,234,89,141,19,3,51,0.471,0.364,14,75,99,44,0.2,0.636,77,0.35,0.377,0.45,0.364,-4.8,18.6,6.7,33.4,0.082,2.4,13.2,30,1.5,0.5,18.3
1610612755,Tyrese Martin,1631213,PHI,SG,Combo,39,702,1425,272,106,70,22,4,33,0.476,0.333,32,74,153,49,0.191,0.714,54,0.211,0.259,0.598,0.333,-5.6,18.7,3.1,27,0.102,5,12.9,15.5,1.6,0.5,11
1610612755,Tyrese Maxey,1630178,PHI,PG,Point,55,2118,4417,1597,223,369,110,42,138,0.529,0.374,16,207,488,332,0.285,0.642,350,0.301,0.423,0.414,0.374,3.4,29.3,10.4,47.2,0.285,0.8,11.1,29.7,2.5,1.8,9.2
1610612739,Tyrese Proctor,1642878,CLE,PG,Combo,40,414,864,197,43,53,16,0,27,0.478,0.34,6,37,106,29,0.166,0.655,40,0.229,0.35,0.606,0.34,-3.4,21.5,4.8,32.8,0.154,1.6,9.7,17.3,1.8,0,12.6
1610612751,Tyson Etienne,1630623,BKN,PG,Point,8,34,72,12,0,1,0,0,1,0,0.308,0,0,13,0,0,0,2,0.133,0,0.867,0.308,-16.1,20.5,0.6,23.7,0,0,0,4.4,0,0,6.3
1610612742,Tyus Jones,1626145,DAL,PG,Point,53,843,1781,168,56,138,35,3,16,0.464,0.288,10,46,113,17,0.094,0.471,52,0.289,0.462,0.617,0.288,-10.4,10.1,1.9,18.5,0.034,1.3,6.2,21.1,2,0.3,8.1
1610612755,VJ Edgecombe,1642845,PHI,SG,Combo,53,1874,3889,802,291,210,77,26,99,0.478,0.35,82,209,304,192,0.282,0.578,193,0.283,0.378,0.435,0.35,-3.3,19.2,3.8,28.7,0.18,4.8,12.4,16.6,2,1.3,11.7
1610612759,Victor Wembanyama,1641705,SAS,C,Big,42,1216,2583,1021,469,120,40,115,107,0.578,0.357,80,389,210,234,0.34,0.744,245,0.356,0.42,0.305,0.357,6.1,32.1,7.3,44.6,0.434,7.2,33.6,16.4,1.6,8.4,11.5
1610612762,Vince Williams Jr.,1631246,UTA,PG,Point,39,812,1728,299,152,165,28,16,69,0.417,0.318,38,114,173,39,0.135,0.41,76,0.264,0.421,0.601,0.318,-7.7,19.3,5.7,33.1,0.167,5,15,27.5,1.6,1.8,18.2
1610612748,Vladislav Goldin,1642884,MIA,C,Big,2,8,19,4,1,2,0,1,0,NA,NA,0,1,0,NA,NA,NA,NA,NA,NA,NA,NA,43.9,10.1,NA,NA,0,0,12.8,38.1,0,11.2,0
1610612757,Vít Krejčí,1630249,POR,PG,Combo,54,1193,2563,484,112,81,42,18,34,0.64,0.41,23,89,282,38,0.104,0.737,48,0.132,0.562,0.764,0.41,7.3,14.7,1.9,20.2,0.116,2.1,8,9.2,1.7,1.2,8
1610612762,Walker Kessler,1631117,UTA,C,Big,5,154,314,72,54,15,7,9,16,0.69,0.75,23,31,8,21,0.568,0.667,8,0.216,0.75,0.216,0.75,22.5,16.6,5.9,27.5,0.541,16.1,22,13.8,2.1,5.7,25.9
1610612763,Walter Clayton Jr.,1642383,MEM,PG,Combo,48,886,1914,334,99,160,28,12,64,0.527,0.293,15,84,157,51,0.178,0.529,78,0.273,0.526,0.549,0.293,-2.9,17.6,4.6,29.4,0.224,1.8,10.3,24.3,1.5,1.3,16.9
1610612753,Wendell Carter Jr.,1628976,ORL,C,Big,54,1598,3362,616,408,113,42,35,68,0.6,0.324,116,292,177,150,0.344,0.76,110,0.252,0.382,0.404,0.324,3.9,15.3,1.9,21.3,0.339,7.8,20.3,9.9,1.3,2,11.2
1610612765,Wendell Moore Jr.,1631111,DET,SG,Wing,5,54,114,10,6,3,2,2,1,0.667,0,1,5,1,5,0.714,0.8,1,0.143,0,0.143,0,7.4,6.8,0.2,9.9,0.286,2.1,10.1,6.8,1.8,3.7,11.3
1610612744,Will Richard,1642954,GSW,SG,Combo,51,991,2128,351,128,72,59,6,41,0.67,0.354,50,78,165,66,0.256,0.788,31,0.12,0.419,0.624,0.354,4.9,14.1,1.7,19.2,0.182,5.7,8.8,9.9,2.9,0.6,12.8
1610612764,Will Riley,1642860,WAS,SF,Forward,48,793,1686,342,108,70,29,5,41,0.482,0.324,38,70,115,69,0.246,0.652,101,0.359,0.366,0.395,0.324,-3.5,19.4,2.8,26.9,0.274,4.9,9.2,12.2,1.7,0.6,11.5
1610612766,Xavier Tillman,1630214,CHA,C,Big,18,117,237,31,26,5,6,2,6,0.688,0.2,11,15,15,10,0.323,0.7,6,0.194,0.667,0.484,0.2,-6.1,13.8,0.6,18.1,0,9.8,14.5,5.8,2.7,1.8,13.9
1610612757,Yang Hansen,1642905,POR,C,Big,35,264,582,78,55,21,3,9,30,0.42,0.132,17,38,38,25,0.284,0.6,25,0.284,0.24,0.432,0.132,-16.9,19.8,1.5,26,0.295,6.8,15.8,10.6,0.5,3,23.2
1610612746,Yanic Konan Niederhäuser,1642949,LAC,C,Big,37,359,731,142,94,12,3,23,22,0.703,0,33,61,5,56,0.727,0.714,18,0.234,0.667,0.039,0,13.6,15.7,1.3,19.4,0.584,10.8,19.1,5.4,0.5,5.4,17.8
1610612741,Yuki Kawamura,1642530,CHI,PG,Point,4,76,169,20,16,22,5,0,4,0.25,0.308,3,13,13,3,0.176,0.333,1,0.059,0,0.765,0.308,-5.2,13.1,5.2,27.5,0.353,4.3,18.2,35.6,3.1,0,16.9
1610612740,Yves Missi,1642274,NOP,C,Big,47,907,1899,263,265,57,15,64,36,0.541,0,137,128,1,159,0.757,0.623,50,0.238,0.28,0.005,0,-1,12.7,0.9,17.3,0.31,16.1,15.6,8.5,0.8,6.8,13.1
1610612737,Zaccharie Risacher,1642258,ATL,SF,Wing,45,1088,2398,464,157,58,40,24,42,0.524,0.354,41,116,192,130,0.326,0.6,80,0.201,0.4,0.474,0.354,-2.4,18.2,1.5,22.7,0.15,4,11.9,7.5,1.7,2,8.6
1610612741,Zach Collins,1628380,CHI,C,Big,10,184,401,97,56,15,2,4,10,0.651,0.429,16,40,21,28,0.438,0.786,15,0.234,0.4,0.328,0.429,10.5,18.9,3.6,26,0.313,9.5,23.1,12,0.5,1.9,12.1
1610612763,Zach Edey,1641744,MEM,C,Big,11,284,603,150,122,12,7,21,26,0.656,0.2,43,79,5,53,0.541,0.717,40,0.408,0.575,0.051,0.2,10.8,20.1,2.1,25.9,0.327,16.2,29.7,6.5,1.2,6.9,18.8
1610612758,Zach LaVine,203897,SAC,SG,Big,39,1224,2568,748,108,89,28,10,74,0.556,0.39,8,100,254,119,0.218,0.714,174,0.318,0.448,0.464,0.39,5.3,23.8,4.2,32.2,0.26,0.7,9.4,11.5,1.1,0.7,10.8
1610612743,Zeke Nnaji,1630192,DEN,PF,Big,40,509,1036,166,110,22,14,20,22,0.595,0.275,29,81,40,68,0.548,0.706,16,0.129,0.125,0.323,0.275,2.5,14,0.9,18.1,0.323,6.8,17.1,5.6,1.4,3.6,13.4
1610612751,Ziaire Williams,1630533,BKN,SF,Wing,39,895,1859,372,101,32,47,19,41,0.604,0.313,21,80,201,67,0.226,0.716,29,0.098,0.345,0.677,0.313,-0,18.1,1.3,22.2,0.263,2.6,10.9,5.5,2.6,2,11
1610612740,Zion Williamson,1629627,NOP,PF,Forward,42,1250,2710,917,252,150,42,25,93,0.59,0,93,159,3,397,0.686,0.69,179,0.309,0.369,0.005,0,7.2,27.4,3.4,36.8,0.572,7.9,14,20.1,1.6,1.9,11.4
